date,usd_to_bgn,usd_to_eur,usd_to_try,bgn_to_usd,eur_to_usd,try_to_usd
01/01/2022,1.72239,0.879202,13.3211,0.5805886007234133,1.1373950468720497,0.07506887569344874
02/01/2022,1.719237,0.879282,13.453154,0.5816533729788272,1.1372915628888116,0.07433201166061133
03/01/2022,1.731348,0.884799,13.062,0.5775846334763433,1.1302001923600726,0.0765579543714592
04/01/2022,1.733227,0.886275,13.4165,0.5769584711062082,1.1283179600011284,0.07453508739238997
05/01/2022,1.727654,0.88405,13.693,0.5788196016100446,1.1311577399468355,0.07303001533630323
06/01/2022,1.730302,0.885347,13.7871,0.5779337942162698,1.1295006364736087,0.07253156936556636
07/01/2022,1.724636,0.880119,13.875,0.5798324979879812,1.1362099897854723,0.07207207207207207
08/01/2022,1.72468,0.880204,13.8745,0.5798177053134494,1.136100267665223,0.07207466935745432
09/01/2022,1.724695,0.880777,13.799667,0.579812662528737,1.1353611640630943,0.07246551674036772
10/01/2022,1.726685,0.882589,13.814,0.579144429933659,1.133030209984489,0.07239032865209208
11/01/2022,1.721764,0.879817,13.7655,0.5807996914792039,1.13659999749948,0.0726453815698667
12/01/2022,1.709623,0.874098,13.2447,0.5849242786275103,1.1440364810353072,0.07550189887275666
13/01/2022,1.707345,0.872872,13.568863,0.5857047052587497,1.14564334747821,0.07369814257834278
14/01/2022,1.71293,0.876017,13.5264,0.5837950178933172,1.1415303584291172,0.0739295008280104
15/01/2022,1.71293,0.876017,13.5264,0.5837950178933172,1.1415303584291172,0.0739295008280104
16/01/2022,1.713145,0.876311,13.520234,0.5837217515154877,1.1411473780427268,0.07396321690881977
17/01/2022,1.71313,0.876409,13.4581,0.5837268625264866,1.1410197750137208,0.07430469382750908
18/01/2022,1.726811,0.882729,13.5521,0.5791021715752331,1.1328505124449293,0.07378930202699213
19/01/2022,1.722882,0.88164,13.430465,0.5804228031867533,1.1342498071775329,0.07445758579468395
20/01/2022,1.728964,0.883938,13.36,0.5783810420575559,1.1313010641017809,0.07485029940119761
21/01/2022,1.72421,0.881465,13.4481,0.5799757570133568,1.1344749933349594,0.07435994675827812
22/01/2022,1.72421,0.881465,13.4481,0.5799757570133568,1.1344749933349594,0.07435994675827812
23/01/2022,1.723764,0.881756,13.444165,0.58012581768734,1.134100590185947,0.0743817113223469
24/01/2022,1.7269,0.883119,13.4703,0.5790723261335341,1.1323502268663679,0.07423739634603535
25/01/2022,1.7305,0.884708,13.4797,0.5778676683039584,1.1303164433914918,0.07418562727657144
26/01/2022,1.737855,0.889633,13.5825,0.5754220001093302,1.124059022091132,0.07362414872078042
27/01/2022,1.75503,0.897212,13.6226,0.5697908297863854,1.1145637820269902,0.07340742589520356
28/01/2022,1.754809,0.896909,13.5532,0.5698625890339062,1.1149403116704149,0.0737833131658944
29/01/2022,1.754809,0.896909,13.5532,0.5698625890339062,1.1149403116704149,0.0737833131658944
30/01/2022,1.754156,0.896698,13.515,0.5700747253950048,1.1152026657804524,0.07399186089530152
31/01/2022,1.743128,0.89052,13.3008,0.5736813360808845,1.122939406189642,0.0751834476121737
01/02/2022,1.737051,0.88705,13.383,0.5756883361513278,1.1273321684234259,0.07472166180975866
02/02/2022,1.72824,0.884973,13.4706,0.5786233393510161,1.1299779767292335,0.07423574302555194
03/02/2022,1.7097,0.874466,13.5712,0.5848979353102883,1.1435550381604316,0.07368545154444707
04/02/2022,1.710432,0.873427,13.5687,0.584647621185759,1.1449153735801618,0.07369902790982187
05/02/2022,1.710432,0.873427,13.5687,0.584647621185759,1.1449153735801618,0.07369902790982187
06/02/2022,1.710199,0.873013,13.564714,0.5847272744282975,1.1454583150537276,0.07372068441693647
07/02/2022,1.71125,0.874,13.595267,0.5843681519357196,1.1441647597254005,0.07355500998987369
08/02/2022,1.714472,0.875618,13.58253,0.5832699513319552,1.1420505288835998,0.07362398610568134
09/02/2022,1.710603,0.875542,13.5485,0.5845891770328943,1.1421496627232046,0.07380890873528434
10/02/2022,1.71254,0.876347,13.4969,0.5839279666460345,1.1411005001443493,0.07409108758307463
11/02/2022,1.716714,0.88098,13.5201,0.5825082104532263,1.1350995482303798,0.07396394997078425
12/02/2022,1.716774,0.881034,13.5201,0.582487852215842,1.13502997614167,0.07396394997078425
13/02/2022,1.720014,0.879922,13.522675,0.5813906165880045,1.1364643684326565,0.07394986568855645
14/02/2022,1.732121,0.884486,13.5958,0.5773268726607437,1.1306001451690586,0.07355212639197399
15/02/2022,1.721117,0.880646,13.6075,0.5810180249221871,1.135530054073941,0.07348888480617306
16/02/2022,1.718377,0.879289,13.595455,0.5819444743499244,1.1372825089361973,0.07355399286011392
17/02/2022,1.719551,0.879987,13.532067,0.5815471596945947,1.1363804238017152,0.07389854040775885
18/02/2022,1.725052,0.883232,13.65,0.5796926701340017,1.1322053548784463,0.07326007326007326
19/02/2022,1.725052,0.883232,13.65,0.5796926701340017,1.1322053548784463,0.07326007326007326
20/02/2022,1.726529,0.883652,13.625417,0.5791967583515829,1.131667217411379,0.0733922492060243
21/02/2022,1.729635,0.884228,13.676885,0.5781566631110032,1.1309300316208037,0.07311606407453158
22/02/2022,1.725077,0.88269,13.8061,0.5796842691659561,1.132900565317382,0.07243175118244834
23/02/2022,1.730035,0.884525,13.8255,0.5780229879742317,1.1305502953562647,0.0723301146432317
24/02/2022,1.746755,0.893611,14.042625,0.5724901317013548,1.1190551593478593,0.07121175706109079
25/02/2022,1.737448,0.886997,13.8238,0.5755567936421694,1.1273995289724767,0.07233900953428145
26/02/2022,1.736606,0.887154,13.8238,0.5758358545346497,1.1272000126246402,0.07233900953428145
27/02/2022,1.736457,0.894428,14.072485,0.5758852652268384,1.1180329775007043,0.07106065488788937
28/02/2022,1.743105,0.891714,13.841155,0.5736889057170969,1.1214357966792043,0.07224830586753779
01/03/2022,1.757066,0.898295,13.892575,0.5691305847361454,1.113220044640124,0.07198089627012991
02/03/2022,1.75841,0.899928,13.999,0.5686955829414073,1.11120000711168,0.07143367383384527
03/03/2022,1.767376,0.903677,14.1127,0.5658105575723559,1.1065900758788816,0.07085816321469315
04/03/2022,1.79084,0.914892,14.1865,0.5583971767438743,1.0930251876724246,0.07048954992422374
05/03/2022,1.790138,0.915143,14.1865,0.5586161513805081,1.0927253991999064,0.07048954992422374
06/03/2022,1.790869,0.919652,14.262888,0.5583881344754976,1.08736783044021,0.07011202780250395
07/03/2022,1.80153,0.920272,14.3775,0.5550837343813314,1.086635255663543,0.06955312119631368
08/03/2022,1.794939,0.917615,14.4969,0.5571219969035159,1.0897816622439696,0.0689802647462561
09/03/2022,1.768184,0.903051,14.654494,0.5655520013754225,1.1073571703037812,0.06823845299605705
10/03/2022,1.78,0.907988,14.8439,0.5617977528089888,1.1013361410062688,0.06736774028388766
11/03/2022,1.787634,0.916254,14.7645,0.5593986241031442,1.0914004195343212,0.06773002810796167
12/03/2022,1.787634,0.916254,14.7645,0.5593986241031442,1.0914004195343212,0.06773002810796167
13/03/2022,1.787189,0.914742,14.78144,0.5595379112114052,1.0932044226678124,0.0676524073432629
14/03/2022,1.785692,0.913835,14.8102,0.5600069888872213,1.0942894505025524,0.06752103280171773
15/03/2022,1.783917,0.911785,14.733215,0.560564196652647,1.0967497820209808,0.06787384830805768
16/03/2022,1.774355,0.907302,14.601493,0.5635850773943207,1.1021688478588165,0.06848614727274807
17/03/2022,1.763355,0.90097,14.714365,0.5671007823155292,1.1099148695295071,0.06796079885200618
18/03/2022,1.771859,0.903734,14.8091,0.5643789940395935,1.106520281410238,0.06752604817308276
19/03/2022,1.771859,0.903734,14.8091,0.5643789940395935,1.106520281410238,0.06752604817308276
20/03/2022,1.771306,0.905576,14.816955,0.5645551926092951,1.1042695477795348,0.06749025018973197
21/03/2022,1.776155,0.9077,14.8276,0.5630139261494633,1.1016855789357718,0.06744179772856025
22/03/2022,1.7734,0.90667,14.8233,0.563888575617458,1.1029371215547001,0.0674613615051979
23/03/2022,1.77681,0.908566,14.829271,0.5628063777218724,1.1006355069417082,0.06743419821513816
24/03/2022,1.7768,0.908384,14.8397,0.5628095452498875,1.100856025645542,0.0673868070109234
25/03/2022,1.778472,0.91045,14.8358,0.5622804294922833,1.098357954857488,0.0674045214953019
26/03/2022,1.78054,0.910374,14.8357,0.561627371471576,1.0984496481665778,0.06740497583531617
27/03/2022,1.780418,0.910573,14.8325,0.5616658559956145,1.0982095889072045,0.06741951795044665
28/03/2022,1.7798,0.909802,14.8259,0.5618608832453085,1.0991402524944989,0.06744953088851267
29/03/2022,1.763666,0.901589,14.5878,0.5670007813270767,1.1091528401522202,0.06855043255322942
30/03/2022,1.75251,0.89594,14.654586,0.5706101534370702,1.116146170502489,0.06823802460199148
31/03/2022,1.765398,0.903016,14.6591,0.5664445071309699,1.1074000903638472,0.0682170119584422
01/04/2022,1.770495,0.9051,14.6865,0.5648137950121294,1.1048502927853276,0.06808974228032547
02/04/2022,1.771,0.905387,14.6865,0.564652738565782,1.1045000646132537,0.06808974228032547
03/04/2022,1.771855,0.905308,14.68615,0.5643802681370654,1.1045964467341503,0.06809136499354834
04/04/2022,1.782385,0.911153,14.6978,0.5610460141888537,1.097510516894528,0.06803739335138592
05/04/2022,1.793251,0.91692,14.7229,0.5576464198263378,1.0906076866029752,0.06792140135435275
06/04/2022,1.7948,0.917625,14.7133,0.5571651437486072,1.0897697861326794,0.0679657180917945
07/04/2022,1.796362,0.920442,14.7587,0.5566806690410953,1.0864345607871002,0.06775664523298122
08/04/2022,1.798455,0.919413,14.7491,0.5560328170568627,1.0876504900409283,0.06780074716423375
09/04/2022,1.798455,0.919413,14.7491,0.5560328170568627,1.0876504900409283,0.06780074716423375
10/04/2022,1.798412,0.918754,14.7447,0.5560461117919587,1.0884306354040363,0.06782097974187336
11/04/2022,1.79627,0.919369,14.666539,0.5567091806910988,1.0877025438099392,0.06818241167871984
12/04/2022,1.804782,0.923692,14.5886,0.5540835402835356,1.0826119529020497,0.06854667342993845
13/04/2022,1.794707,0.917837,14.5956,0.5571940155133958,1.0895180734705618,0.06851379867905397
14/04/2022,1.806904,0.924075,14.626992,0.5534328331776343,1.0821632443254066,0.06836675647323798
15/04/2022,1.807402,0.924907,14.6437,0.5532803438305369,1.0811897844864402,0.06828875215963179
16/04/2022,1.807402,0.924907,14.6437,0.5532803438305369,1.0811897844864402,0.06828875215963179
17/04/2022,1.808531,0.92477,14.626,0.5529349510735508,1.0813499572866767,0.06837139340899767
18/04/2022,1.80595,0.927639,14.6462,0.5537251861900939,1.0780055603526804,0.06827709576545452
19/04/2022,1.812685,0.926415,14.6549,0.5516678297663411,1.0794298451557887,0.06823656251492675
20/04/2022,1.800188,0.921651,14.66845,0.5554975369239213,1.0850094016064649,0.06817352890046324
21/04/2022,1.803384,0.922922,14.707262,0.5545130709821091,1.0835151832982635,0.0679936211104419
22/04/2022,1.81081,0.927068,14.7427,0.5522390532413671,1.0786695258600232,0.06783018036044958
23/04/2022,1.813344,0.927068,14.7427,0.5514673443097393,1.0786695258600232,0.06783018036044958
24/04/2022,1.813344,0.925094,14.7564,0.5514673443097393,1.0809712310316573,0.06776720609362717
25/04/2022,1.824603,0.933443,14.77707,0.5480644282619288,1.0713026933621013,0.0676724140847949
26/04/2022,1.838727,0.939585,14.8049,0.5438545254406989,1.064299664213456,0.06754520462819742
27/04/2022,1.853679,0.947469,14.815278,0.539467728770731,1.0554435026370257,0.06749788967847921
28/04/2022,1.862782,0.95205,14.799475,0.5368314703491874,1.0503650018381387,0.06756996447509118
29/04/2022,1.852052,0.948434,14.8517,0.5399416431072129,1.0543696240328795,0.06733235925853606
30/04/2022,1.852052,0.948434,14.8517,0.5399416431072129,1.0543696240328795,0.06733235925853606
01/05/2022,1.854669,0.949196,14.86,0.5391797673870647,1.0535231922595543,0.06729475100942127
02/05/2022,1.860988,0.951506,14.8904,0.5373489780697135,1.0509655220250844,0.06715736313329393
03/05/2022,1.857592,0.950079,14.818954,0.5383313450962322,1.0525440515999196,0.06748114610518394
04/05/2022,1.842815,0.941536,14.74123,0.5426480683085388,1.0620942799850457,0.0678369444069457
05/05/2022,1.85523,0.948796,14.872464,0.5390167256889982,1.0539673438758175,0.06723835404812545
06/05/2022,1.853248,0.94802,14.945,0.5395931899022689,1.0548300668762263,0.06691201070592172
07/05/2022,1.853248,0.94802,14.945,0.5395931899022689,1.0548300668762263,0.06691201070592172
08/05/2022,1.854351,0.949453,14.95215,0.5392722305539782,1.0532380223139008,0.0668800139110429
09/05/2022,1.852213,0.946672,15.1071,0.5398947097337077,1.0563320770023832,0.06619404121241006
10/05/2022,1.85706,0.949744,15.32771,0.5384855632020505,1.052915311915632,0.06524131784852401
11/05/2022,1.8583,0.951299,15.2924,0.5381262444169402,1.0511942091813404,0.0653919594046716
12/05/2022,1.88631,0.963494,15.4119,0.5301355556615827,1.0378891824962067,0.06488492658270557
13/05/2022,1.880645,0.96044,15.4799,0.5317324641279987,1.0411894548332015,0.0645999005161532
14/05/2022,1.880645,0.96044,15.4799,0.5317324641279987,1.0411894548332015,0.0645999005161532
15/05/2022,1.879253,0.961729,15.48434,0.5321263289189907,1.0397939544299901,0.06458137705578669
16/05/2022,1.874325,0.957951,15.6053,0.5335254024782254,1.0438947294799004,0.06408079306389496
17/05/2022,1.852446,0.947957,15.921516,0.5398268019688564,1.0549001695224571,0.06280808938043336
18/05/2022,1.869705,0.954802,15.9604,0.5348437320325934,1.0473375631806385,0.06265507130147115
19/05/2022,1.848748,0.945222,15.9153,0.5409066027387183,1.0579525233225633,0.06283262018309425
20/05/2022,1.852945,0.946459,15.9038,0.5396814260542002,1.0565698038689473,0.0628780543014877
21/05/2022,1.852945,0.946459,15.9038,0.5396814260542002,1.0565698038689473,0.0628780543014877
22/05/2022,1.851743,0.946029,15.934494,0.5400317430658574,1.0570500481486296,0.06275693473542367
23/05/2022,1.8295,0.935971,15.937,0.5465974309920744,1.0684091707969585,0.06274706657463763
24/05/2022,1.824866,0.931712,16.1006,0.5479854411228002,1.0732930347575216,0.06210948660298374
25/05/2022,1.83023,0.935721,16.353,0.5463794167946106,1.068694621580578,0.061150859169571324
26/05/2022,1.822145,0.931732,16.3659,0.5488037450367561,1.0732699960932972,0.06110265857667467
27/05/2022,1.826938,0.93178,16.218,0.5473639499534193,1.0732147073343492,0.06165988407941793
28/05/2022,1.826938,0.93178,16.218,0.5473639499534193,1.0732147073343492,0.06165988407941793
29/05/2022,1.826318,0.932023,16.3386,0.547549769536302,1.072934895383483,0.06120475438532065
30/05/2022,1.813695,0.928255,16.3884,0.5513606201704255,1.077290184270486,0.06101876937345927
31/05/2022,1.823822,0.931608,16.400101,0.5482991212958281,1.0734128517573915,0.06097523423788671
01/06/2022,1.837299,0.938853,16.4408,0.5442772243385535,1.0651294718129463,0.06082429078876941
02/06/2022,1.820605,0.9301,16.4877,0.549267963122149,1.0751532093323297,0.06065127337348448
03/06/2022,1.821355,0.932823,16.4176,0.5490417848250341,1.072014733770501,0.06091024266640678
04/06/2022,1.821413,0.932923,16.4176,0.5490243014626557,1.0718998245299989,0.06091024266640678
05/06/2022,1.82326,0.932444,16.508624,0.5484681285170518,1.0724504635130903,0.06057440038612545
06/06/2022,1.827661,0.935482,16.613901,0.5471474195706972,1.0689676551766896,0.060190559700578454
07/06/2022,1.828348,0.934819,16.8417,0.5469418294547865,1.0697257971864074,0.059376428745316685
08/06/2022,1.824855,0.933101,17.19252,0.5479887443111919,1.0716953470203119,0.05816482982134091
09/06/2022,1.842556,0.941659,17.2444,0.5427243459628907,1.061955548664644,0.05798984018000047
10/06/2022,1.859065,0.950638,17.1158,0.5379048069863076,1.051925128177077,0.05842554832377102
11/06/2022,1.85946,0.95057,17.1158,0.537790541339959,1.0520003787201364,0.05842554832377102
12/06/2022,1.859509,0.953202,17.2376,0.537776369998747,1.0490955747050468,0.05801271638743213
13/06/2022,1.878525,0.960138,17.2744,0.5323325481428248,1.0415169486053046,0.05788913073681286
14/06/2022,1.8767,0.958119,17.2686,0.5328502158043374,1.0437116892578062,0.05790857394345807
15/06/2022,1.87246,0.956234,17.2355,0.5340568022814907,1.0457691318233822,0.05801978474659859
16/06/2022,1.8544,0.948182,17.3011,0.5392579810181191,1.0546498457047275,0.05779979307674078
17/06/2022,1.86343,0.952472,17.3284,0.5366447894474169,1.0498996295954106,0.0577087324853997
18/06/2022,1.862815,0.952744,17.3284,0.5368219603127524,1.0495998925209709,0.0577087324853997
19/06/2022,1.86284,0.953268,17.3417,0.536814755964012,1.0490229400336526,0.05766447349452476
20/06/2022,1.860475,0.950616,17.31519,0.5374971445464196,1.0519494727629242,0.057752759282456614
21/06/2022,1.85594,0.949595,17.34975,0.5388105218918715,1.0530805238022525,0.05763771812273952
22/06/2022,1.850867,0.946536,17.344305,0.5402873356108245,1.0564838527007954,0.05765581267165217
23/06/2022,1.859619,0.95056,17.3507,0.5377445595038554,1.0520114458845313,0.057634562294316655
24/06/2022,1.851451,0.947329,16.89798,0.5401169137071411,1.055599480222816,0.059178671060091205
25/06/2022,1.851451,0.947329,16.89798,0.5401169137071411,1.055599480222816,0.059178671060091205
26/06/2022,1.851525,0.946298,16.674,0.5400953268251846,1.056749565147554,0.05997361161089121
27/06/2022,1.849105,0.945191,16.5687,0.5408021718615222,1.0579872216303372,0.06035476531049509
28/06/2022,1.858385,0.950164,16.6293,0.5381016312550951,1.052449892860601,0.06013482227153277
29/06/2022,1.871749,0.957314,16.60501,0.5342596683636535,1.0445893405925328,0.06022278818260272
30/06/2022,1.86557,0.95434,16.6974,0.5360292028709724,1.047844583691347,0.05988956364463929
01/07/2022,1.881942,0.958856,16.74751,0.5313660038407135,1.0429094671149786,0.05971036888468794
02/07/2022,1.881942,0.958856,16.74751,0.5313660038407135,1.0429094671149786,0.05971036888468794
03/07/2022,1.882277,0.95835,16.7654,0.5312714334818945,1.0434601137371524,0.059646653226287476
04/07/2022,1.87798,0.958513,16.8011,0.5324870339407235,1.043282668049364,0.05951991238668896
05/07/2022,1.90449,0.974966,17.0085,0.5250749544497477,1.02567679283175,0.0587941323455919
06/07/2022,1.920577,0.981904,17.2173,0.5206768590897423,1.0184295002362755,0.05808111608672672
07/07/2022,1.923424,0.983335,17.2637,0.5199061673349193,1.016947428902663,0.057925010281689324
08/07/2022,1.922458,0.981668,17.2733,0.520167410679453,1.0186743379635477,0.057892817238165264
09/07/2022,1.922471,0.981668,17.2733,0.5201638932394819,1.0186743379635477,0.057892817238165264
10/07/2022,1.922449,0.983533,17.2766,0.5201698458580696,1.0167427020750701,0.05788175914242386
11/07/2022,1.948173,0.995411,17.3498,0.5133014367820518,1.004610156005911,0.057637552017890704
12/07/2022,1.9498,0.996974,17.2857,0.5128731151913016,1.0030351844682008,0.05785128748040288
13/07/2022,1.94487,0.996579,17.416199,0.5141731838117715,1.0034327434152235,0.05741780970692859
14/07/2022,1.950939,0.997354,17.4694,0.5125736888749469,1.0026530198906307,0.05724295053064215
15/07/2022,1.94071,0.992,17.4,0.5152753373765272,1.0080645161290323,0.0574712643678161
16/07/2022,1.941102,0.992,17.4,0.5151712789951275,1.0080645161290323,0.0574712643678161
17/07/2022,1.940903,0.990353,17.3448,0.5152240992981102,1.0097409711486711,0.05765416724320834
18/07/2022,1.926304,0.985464,17.465,0.5191288602422047,1.0147504119886672,0.0572573718866304
19/07/2022,1.912531,0.977468,17.5491,0.5228673417581206,1.0230513940098296,0.0569829791841177
20/07/2022,1.9207,0.982238,17.6026,0.5206435153850159,1.018083193686255,0.05680978946292026
21/07/2022,1.913754,0.97843,17.7302,0.5225331991468078,1.0220455219075457,0.05640094302376736
22/07/2022,1.916714,0.97924,17.75945,0.5217262460648798,1.0212001143744127,0.056308050080379736
23/07/2022,1.915282,0.979144,17.7415,0.5221163254288402,1.0213002377586953,0.05636501986866951
24/07/2022,1.914483,0.980373,17.7623,0.522334228091866,1.0200199311894553,0.05629901533022188
25/07/2022,1.91332,0.978155,17.8343,0.5226517257959986,1.022332861356329,0.056071726953118434
26/07/2022,1.93203,0.987234,17.877699,0.5175903065687386,1.012931078143581,0.05593561005809528
27/07/2022,1.918,0.979859,17.865061,0.5213764337851929,1.0205549982191315,0.055975179709713836
28/07/2022,1.919553,0.981151,17.9495,0.5209546180803551,1.0192111102164703,0.05571185826903256
29/07/2022,1.91434,0.977872,17.9148,0.5223732461318261,1.0226287285043443,0.055819769129434885
30/07/2022,1.91434,0.977872,17.9148,0.5223732461318261,1.0226287285043443,0.055819769129434885
31/07/2022,1.912658,0.9794,17.9281,0.5228326235009082,1.0210332856851132,0.05577835911223163
01/08/2022,1.907145,0.974432,17.898,0.52434398013785,1.026238875570589,0.055872164487652254
02/08/2022,1.923643,0.98458,17.945299,0.519846977843602,1.0156615003351683,0.05572490043214103
03/08/2022,1.924245,0.984572,17.937401,0.5196843437296186,1.0156697529484893,0.05574943661013097
04/08/2022,1.910732,0.975804,17.9468,0.5233596338994688,1.024795963123742,0.055720239819912185
05/08/2022,1.924471,0.981611,17.9126,0.5196233146667317,1.0187334901503753,0.05582662483391579
06/08/2022,1.924388,0.98161,17.9126,0.5196457263296175,1.0187345279693565,0.05582662483391579
07/08/2022,1.924388,0.983049,17.9286,0.5196457263296175,1.0172432910261848,0.055776803542942566
08/08/2022,1.91814,0.98055,17.943017,0.5213383798888507,1.0198358064351638,0.05573198754702177
09/08/2022,1.914988,0.9796,17.918085,0.5221964837377572,1.0208248264597795,0.055809535449798345
10/08/2022,1.898995,0.97085,17.87413,0.5265943301588472,1.0300252356182726,0.05594677894812223
11/08/2022,1.893609,0.969176,17.9541,0.5280921246149548,1.0318043368799887,0.055697584395764756
12/08/2022,1.906567,0.974417,17.9363,0.5245029416747484,1.0262546733072186,0.05575285872783127
13/08/2022,1.906567,0.974417,17.9363,0.5245029416747484,1.0262546733072186,0.05575285872783127
14/08/2022,1.906541,0.97525,17.9439,0.5245100944590229,1.0253781081773905,0.0557292450359175
15/08/2022,1.9249,0.983913,17.9587,0.5195075068834745,1.0163500228170579,0.05568331783480987
16/08/2022,1.922935,0.983293,17.937,0.5200383788323578,1.016990866405029,0.05575068294586608
17/08/2022,1.9216,0.982555,17.950104,0.5203996669442131,1.0177547312873072,0.055709983630178414
18/08/2022,1.940509,0.991165,18.0814,0.5153287101476983,1.0089137530078243,0.0553054520114593
19/08/2022,1.949129,0.996413,18.108913,0.5130496750086834,1.0035999128875275,0.055221426045837206
20/08/2022,1.947669,0.996314,18.108913,0.5134342642409978,1.0036996368614715,0.055221426045837206
21/08/2022,1.947668,0.996114,18.095979,0.5134345278558768,1.0039011599074001,0.05526089525192309
22/08/2022,1.968018,1.006218,18.105499,0.5081254338120891,0.9938204245998381,0.05523183868061301
23/08/2022,1.9614,1.003351,18.117,0.5098399102681758,0.9966601916976212,0.055196776508251916
24/08/2022,1.962075,1.00323,18.1528,0.5096645133340978,0.9967803993102279,0.055087920320832054
25/08/2022,1.9617,1.002928,18.173301,0.509761941173472,0.9970805481550021,0.05502577654989592
26/08/2022,1.961846,1.003613,18.1629,0.5097240048403392,0.99640000677552,0.05505728710723508
27/08/2022,1.961734,1.003512,18.1629,0.5097531061805525,0.996500290978085,0.05505728710723508
28/08/2022,1.962236,1.006386,18.1783,0.5096226957409812,0.9936545222210961,0.05501064455972231
29/08/2022,1.955765,0.998911,18.187988,0.5113088740211631,1.001090187213876,0.05498134263119153
30/08/2022,1.952685,0.997656,18.1783,0.5121153693504072,1.0023495072449822,0.05501064455972231
31/08/2022,1.946225,0.996198,18.197895,0.5138152063610323,1.003816510372436,0.05495141058897197
01/09/2022,1.966631,1.004843,18.210443,0.5084837979265048,0.9951803416056041,0.054913546035096454
02/09/2022,1.95393,1.004722,18.2008,0.5117890610206097,0.9953001924910573,0.05494263988396114
03/09/2022,1.95393,1.004722,18.2008,0.5117890610206097,0.9953001924910573,0.05494263988396114
04/09/2022,1.9539,1.009235,18.2237,0.5117969189825478,0.9908495048229599,0.05487359866547408
05/09/2022,1.967312,1.005001,18.217687,0.5083077823954716,0.9950238855483725,0.05489171045698611
06/09/2022,1.97499,1.010407,18.2297,0.5063316776287475,0.9897001901214064,0.05485553794083281
07/09/2022,1.95394,1.000202,18.22518,0.511786441753585,0.9997980407957592,0.054869142581856524
08/09/2022,1.9553,0.999017,18.2435,0.5114304710274638,1.0009839672397967,0.05481404335790829
09/09/2022,1.94804,0.98526,18.232,0.5133364817970884,1.0149605180358483,0.054848617814831066
10/09/2022,1.94804,0.985076,18.232,0.5133364817970884,1.0151501000938,0.054848617814831066
11/09/2022,1.938578,0.99297,18.221605,0.515842024411708,1.007079770788644,0.05487990767004333
12/09/2022,1.930722,0.987225,18.2278,0.5179409568026883,1.0129403124920864,0.0548612558838697
13/09/2022,1.9617,1.002166,18.2537,0.509761941173472,0.9978386814160529,0.05478341377364589
14/09/2022,1.961777,1.001812,18.24579,0.5097419329516045,0.9981912774053416,0.05480716373475744
15/09/2022,1.958731,1.001252,18.28088,0.5105346267557924,0.998749565543939,0.054701961831159114
16/09/2022,1.958139,0.998389,18.2555,0.5106889756038769,1.0016135995088087,0.054778012105940674
17/09/2022,1.958214,0.998388,18.2555,0.5106694161108031,1.0016146027396162,0.054778012105940674
18/09/2022,1.9541,0.997781,18.2659,0.5117445371270661,1.0022239349115687,0.05474682331557712
19/09/2022,1.950345,0.996988,18.2982,0.5127297990868283,1.0030210995518503,0.05465018417112065
20/09/2022,1.960253,1.002883,18.319055,0.5101382321567676,0.9971252877952862,0.05458796864794609
21/09/2022,1.986381,1.017144,18.3389,0.5034280936033924,0.9831449627584687,0.05452889758927744
22/09/2022,1.98851,1.016399,18.34,0.5028890978672473,0.9838655882187999,0.05452562704471101
23/09/2022,2.017389,1.031779,18.4157,0.49569022137029595,0.9691997995694814,0.05430149274803564
24/09/2022,2.017537,1.031992,18.4157,0.49565385913616455,0.9689997596880596,0.05430149274803564
25/09/2022,2.017851,1.032444,18.4413,0.49557672989730167,0.9685755353316985,0.05422611204199271
26/09/2022,2.016284,1.039495,18.451425,0.49596187838617967,0.9620055892524735,0.05419635610799708
27/09/2022,2.040541,1.042121,18.4551,0.49006611481955026,0.9595814689465042,0.054185563882070534
28/09/2022,2.012,1.030235,18.5267,0.4970178926441352,0.9706523268962907,0.05397615333545639
29/09/2022,1.991105,1.017364,18.5017,0.502233684310973,0.9829323624582745,0.05404908738115957
30/09/2022,1.996186,1.0202,18.502,0.5009553217986701,0.9801999607920016,0.054048211004215765
01/10/2022,1.996186,1.020055,18.502,0.5009553217986701,0.9803392954301484,0.054048211004215765
02/10/2022,1.995396,1.02085,18.5161,0.501153655715457,0.9795758436596953,0.05400705332116374
03/10/2022,1.99022,1.016923,18.5284,0.5024570148023836,0.9833586220392301,0.053971200967163915
04/10/2022,1.960173,1.001623,18.581,0.5101590522877317,0.9983796298607361,0.0538184166621818
05/10/2022,1.9776,1.008892,18.574501,0.5056634304207119,0.9911863707909272,0.05383724709482101
06/10/2022,1.996274,1.021524,18.5799,0.5009332386235557,0.9789295209902067,0.05382160291497802
07/10/2022,2.005846,1.026792,18.5821,0.4985427595139407,0.9739070814731708,0.05381523078661723
08/10/2022,2.007556,1.026167,18.5821,0.49811810978124643,0.974500251908315,0.05381523078661723
09/10/2022,2.007648,1.027063,18.5846,0.4980952836353783,0.9736501071501943,0.05380799156290693
10/10/2022,2.01547,1.029712,18.5892,0.49616218549519464,0.9711453299563373,0.05379467647881565
11/10/2022,2.016325,1.030854,18.589288,0.49595179348567314,0.9700694763758981,0.05379442181970606
12/10/2022,2.01283,1.0304,18.5558,0.4968129449580938,0.9704968944099379,0.05389150562088403
13/10/2022,2.000599,1.023816,18.55274,0.49985029483669646,0.9767380076107425,0.05390039422748338
14/10/2022,2.010489,1.028648,18.5741,0.497391430641998,0.9721498510666428,0.05383840939803274
15/10/2022,2.010489,1.028648,18.5741,0.497391430641998,0.9721498510666428,0.05383840939803274
16/10/2022,2.011293,1.026705,18.588599,0.4971926019729596,0.9739896075308877,0.05379641574924501
17/10/2022,1.9874,1.015863,18.576199,0.5031699708161417,0.984384705417955,0.05383232597798936
18/10/2022,1.982548,1.013926,18.585635,0.504401406674643,0.9862652698520403,0.05380499509432957
19/10/2022,2.002315,1.023997,18.598301,0.49942191912860867,0.9765653610313311,0.05376835228121107
20/10/2022,1.99885,1.022648,18.5908,0.5002876654076094,0.9778535722946703,0.05379004668976052
21/10/2022,1.982736,1.014137,18.5965,0.504353580103453,0.9860600688072715,0.053773559540773806
22/10/2022,1.982989,1.01442,18.5965,0.5042892320633146,0.9857849805800358,0.053773559540773806
23/10/2022,1.983304,1.013942,18.596601,0.5042091378830477,0.9862497065907124,0.05377326749119369
24/10/2022,1.98057,1.011721,18.6036,0.5049051535669025,0.9884147902435552,0.05375303704659313
25/10/2022,1.96493,1.003799,18.582095,0.5089239820248049,0.9962153777798144,0.05381524526701645
26/10/2022,1.93902,0.99087,18.6125,0.5157244381182247,1.009214124960893,0.053727333781061114
27/10/2022,1.961765,1.003308,18.6121,0.509745051012736,0.9967029067843572,0.05372848845643425
28/10/2022,1.96281,1.003509,18.577,0.5094736627590037,0.9965032700254806,0.05383000484470043
29/10/2022,1.96281,1.003509,18.577,0.5094736627590037,0.9965032700254806,0.05383000484470043
30/10/2022,1.962667,1.004555,18.619762,0.5095107830314567,0.9954656539462746,0.05370637927595422
31/10/2022,1.978755,1.011526,18.624457,0.505368274495832,0.9886053349098294,0.05369284054831773
01/11/2022,1.9808,1.012429,18.633332,0.5048465266558967,0.987723583579688,0.05366726680982231
02/11/2022,1.991363,1.018963,18.625134,0.5021686151645883,0.9813899032643971,0.053690888881658516
03/11/2022,2.007088,1.025706,18.62068,0.4982342577903909,0.9749382376626441,0.053703731550083025
04/11/2022,1.969389,1.001753,18.566999,0.5077716997505317,0.9982500676314422,0.053859000046264885
05/11/2022,1.960471,1.00165,18.568499,0.5100815059238315,0.9983527180152749,0.05385464920993345
06/11/2022,1.970877,1.007208,18.605552,0.5073883352436505,0.9928435834504887,0.05374739755101058
07/11/2022,1.951051,0.998259,18.470595,0.5125442646040519,1.0017440363673156,0.05414010756015169
08/11/2022,1.940348,0.991988,18.5455,0.5153714694477486,1.0080767106053703,0.05392143646706748
09/11/2022,1.954871,0.998067,18.602853,0.5115427053754442,1.0019367437256217,0.05375519550683973
10/11/2022,1.91665,0.981176,18.5057,0.5217436673362377,1.019185141095991,0.05403740469152747
11/11/2022,1.887813,0.964181,18.5744,0.5297134832740319,1.0371496638079365,0.05383753983977948
12/11/2022,1.88686,0.965111,18.5744,0.5299810266792448,1.0361502459302607,0.05383753983977948
13/11/2022,1.886082,0.968325,18.55572,0.5301996413729626,1.0327111248805927,0.05389173796543599
14/11/2022,1.894559,0.969008,18.5899,0.5278273202365299,1.0319832240807094,0.05379265084804114
15/11/2022,1.887969,0.965484,18.6127,0.5296697138565305,1.035749945105253,0.05372675646198563
16/11/2022,1.882135,0.962146,18.6171,0.5313115159114516,1.0393433013284887,0.05371405858055229
17/11/2022,1.887547,0.965143,18.602249,0.5297881324279607,1.036115891634711,0.053756940894619784
18/11/2022,1.891774,0.966697,18.6213,0.5286043681750568,1.0344502982837436,0.0537019434733343
19/11/2022,1.891774,0.966604,18.6213,0.5286043681750568,1.0345498259887191,0.0537019434733343
20/11/2022,1.8948,0.967972,18.61568,0.5277601857715853,1.0330877339427174,0.05371815587719599
21/11/2022,1.908276,0.975943,18.6056,0.5240332111287884,1.0246500051744825,0.053747258889796624
22/11/2022,1.898305,0.96984,18.6171,0.5267857378029347,1.031097913057824,0.05371405858055229
23/11/2022,1.88142,0.959863,18.614,0.5315134313444101,1.0418153423978214,0.05372300419039432
24/11/2022,1.879306,0.960814,18.6318,0.5321113219454415,1.0407841684238572,0.053671679601541455
25/11/2022,1.879,0.960292,18.6168,0.532197977647685,1.0413499227318357,0.05371492415452709
26/11/2022,1.879,0.9602,18.6168,0.532197977647685,1.0414496979795875,0.05371492415452709
27/11/2022,1.878765,0.9646,18.62504,0.5322645461247149,1.036699149906697,0.053691159857911716
28/11/2022,1.892323,0.966794,18.6235,0.5284510096849216,1.0343465102183091,0.05369559964560904
29/11/2022,1.893264,0.968581,18.6449,0.5281883561933254,1.0324381750209843,0.05363396961099282
30/11/2022,1.880172,0.959367,18.634999,0.5318662335148061,1.042353968814854,0.053662465986716715
01/12/2022,1.85977,0.949893,18.635795,0.5377008984982015,1.0527501518592095,0.053660173875061404
02/12/2022,1.871543,0.949066,18.633901,0.5343184741146744,1.053667500468882,0.053665628039990115
03/12/2022,1.871714,0.948992,18.633001,0.5342696587192274,1.053749662800108,0.053668220164856964
04/12/2022,1.872075,0.948439,18.6357,0.5341666332812521,1.0543640655856623,0.053660447420810595
05/12/2022,1.86485,0.952699,18.6299,0.5362361584041612,1.0496494695596406,0.053677153393201255
06/12/2022,1.867256,0.95535,18.6316,0.5355452064419661,1.0467367980321347,0.053672255737564144
07/12/2022,1.8609,0.951289,18.64092,0.5373743887366328,1.0512052593901537,0.0536454209341599
08/12/2022,1.852625,0.947351,18.6458,0.5397746440860941,1.0555749664063265,0.05363138079352991
09/12/2022,1.856835,0.948157,18.6511,0.5385508136156417,1.0546776535953433,0.05361614060296712
10/12/2022,1.854705,0.948632,18.6511,0.5391693018566295,1.0541495543055683,0.05361614060296712
11/12/2022,1.854725,0.950459,18.639385,0.5391634878486029,1.0521232372990312,0.05364983876882204
12/12/2022,1.8563,0.948554,18.6223,0.5387060281204546,1.0542362374730379,0.05369905972946414
13/12/2022,1.837983,0.94125,18.6215,0.544074673160742,1.0624169986719787,0.0537013666997825
14/12/2022,1.829388,0.936672,18.6314,0.5466308951408887,1.0676095794472344,0.053672831885955966
15/12/2022,1.840598,0.93996,18.653001,0.5433016878210234,1.0638750585131282,0.05361067637320129
16/12/2022,1.844906,0.94359,18.6394,0.5420330358294677,1.059782320711326,0.05364979559427879
17/12/2022,1.845742,0.943886,18.6393,0.5417875304349146,1.0594499759504856,0.05365008342587973
18/12/2022,1.845087,0.944776,18.639594,0.5419798632801597,1.0584519505152545,0.05364923720978043
19/12/2022,1.843725,0.942294,18.649933,0.5423802356642123,1.0612399102615533,0.05361949557674014
20/12/2022,1.84079,0.941132,18.658538,0.543245019801281,1.0625502054972098,0.053594767178435955
21/12/2022,1.843995,0.94268,18.665623,0.542300819687689,1.0608053634319174,0.05357442395573938
22/12/2022,1.843937,0.9433,18.67958,0.5423178774545985,1.060108131029365,0.05353439424226883
23/12/2022,1.841082,0.937469,18.665699,0.5431588598443741,1.0667019389441144,0.05357420581999099
24/12/2022,1.841082,0.937457,18.665699,0.5431588598443741,1.0667155933552153,0.05357420581999099
25/12/2022,1.840812,0.941531,18.65554,0.543238527345541,1.062099920236296,0.053603380014730216
26/12/2022,1.842691,0.939848,18.662,0.5426845846644933,1.064001838595177,0.05358482477762298
27/12/2022,1.842578,0.94015,18.664,0.5427178659465163,1.0636600542466628,0.053579082726103726
28/12/2022,1.842768,0.940812,18.71051,0.542661908607052,1.062911612521949,0.053445897519629346
29/12/2022,1.833305,0.938042,18.713887,0.5454629753368916,1.0660503474258083,0.05343625298154253
30/12/2022,1.827155,0.932304,18.6858,0.5472989428920918,1.0726115086924437,0.053516574082993505
31/12/2022,1.827155,0.932271,18.6858,0.5472989428920918,1.072649476386158,0.053516574082993505
01/01/2023,1.827135,0.934096,18.691295,0.5473049336803246,1.070553776057279,0.053500840899466835
02/01/2023,1.827016,0.936609,18.746493,0.5473405815822083,1.0676813910607308,0.053343310666160326
03/01/2023,1.852831,0.948265,18.734,0.539714631285854,1.0545575340226625,0.05337888331376107
04/01/2023,1.842718,0.942831,18.74685,0.5426766331039258,1.0606354691349775,0.05334229483886627
05/01/2023,1.85862,0.95055,18.7721,0.5380335948176604,1.0520225132817842,0.053270545117488195
06/01/2023,1.838592,0.93775,18.7544,0.5438944583681425,1.0663822980538524,0.05332082071407243
07/01/2023,1.838592,0.937778,18.7544,0.5438944583681425,1.0663504582107919,0.05332082071407243
08/01/2023,1.836308,0.937828,18.775945,0.5445709543279232,1.0662936060770205,0.053259636199403014
09/01/2023,1.823135,0.931728,18.7635,0.5485057332561769,1.0732746037470162,0.053294960961441096
10/01/2023,1.82202,0.93125,18.792915,0.5488413958134378,1.0738255033557047,0.05321154275427734
11/01/2023,1.8184,0.928883,18.779315,0.5499340079190497,1.076561849016507,0.05325007861042855
12/01/2023,1.802852,0.920822,18.784603,0.5546767011379747,1.0859862166629382,0.053235088332715896
13/01/2023,1.8056,0.921956,18.8015,0.5538325210456357,1.0846504605425855,0.0531872456984815
14/01/2023,1.804988,0.922211,18.8035,0.5540203037360913,1.084350544506626,0.053181588534049515
15/01/2023,1.803994,0.924008,18.78647,0.5543255687103172,1.082241712192968,0.053229797827904865
16/01/2023,1.8071,0.923387,18.780799,0.5533728072602513,1.0829695458134023,0.05324587095575647
17/01/2023,1.81246,0.92665,18.78027,0.5517363141807268,1.0791560999298548,0.05324737077794941
18/01/2023,1.812245,0.926102,18.782967,0.5518017707318823,1.0797946662462667,0.053239725119040036
19/01/2023,1.805525,0.923063,18.7977,0.5538555267858379,1.0833496738575807,0.053197997627369306
20/01/2023,1.801845,0.9194,18.757899,0.5549866941940067,1.0876658690450294,0.05331087452811213
21/01/2023,1.801845,0.919339,18.757899,0.5549866941940067,1.087738037872863,0.05331087452811213
22/01/2023,1.801733,0.920449,18.812032,0.5550211934842731,1.0864262984695514,0.05315746858180977
23/01/2023,1.799405,0.919836,18.767345,0.5557392582548121,1.0871503181001831,0.05328404204217486
24/01/2023,1.796488,0.918271,18.806185,0.5566416252154203,1.089003137418039,0.053173995682803295
25/01/2023,1.79317,0.915709,18.807499,0.5576716094960322,1.0920499853119277,0.05317028064178018
26/01/2023,1.79585,0.917979,18.812499,0.556839379680931,1.089349538497068,0.053156149004978025
27/01/2023,1.7991,0.919836,18.8094,0.5558334722917014,1.0871503181001831,0.053164906908248
28/01/2023,1.79776,0.919752,18.811,0.5562477750089,1.0872496064156425,0.05316038488118654
29/01/2023,1.798512,0.919806,18.812601,0.556015194783243,1.0871857761310537,0.0531558607977706
30/01/2023,1.799683,0.921663,18.813,0.5556534122953876,1.084995274845578,0.053154733429011856
31/01/2023,1.803229,0.920753,18.8129,0.5545607352144404,1.0860675990194981,0.0531550159730823
01/02/2023,1.794986,0.908038,18.819003,0.5571074091942778,1.1012754972809509,0.053137777808951944
02/02/2023,1.792965,0.91704,18.8182,0.5577353712983801,1.0904649742650268,0.05314004527531857
03/02/2023,1.806827,0.92545,18.8199,0.5534564183510652,1.0805554054784159,0.053135245139453446
04/02/2023,1.809272,0.92495,18.823599,0.5527084926976154,1.0811395210551922,0.05312480360424167
05/02/2023,1.808137,0.926826,18.83341,0.553055437724022,1.0789511731436106,0.053097128985138645
06/02/2023,1.8235,0.932048,18.8353,0.5483959418700302,1.0729061164231886,0.05309180103316645
07/02/2023,1.8234,0.931885,18.837399,0.5484260173302622,1.073093783031168,0.05308588515856143
08/02/2023,1.8257,0.933225,18.837445,0.5477351152982417,1.0715529481100485,0.053085755525762654
09/02/2023,1.819387,0.931162,18.83512,0.5496356739934933,1.073926985852086,0.05309230841109587
10/02/2023,1.8318,0.935585,18.8279,0.5459111256687411,1.0688499708738384,0.05311266790242141
11/02/2023,1.831028,0.935585,18.824201,0.5461412933062738,1.0688499708738384,0.053123104667231295
12/02/2023,1.828865,0.936559,18.83491,0.5467872150213384,1.0677383912812755,0.05309290036427039
13/02/2023,1.825197,0.931871,18.842512,0.5478860638057153,1.0731099046971093,0.05307148006592752
14/02/2023,1.822005,0.931474,18.8471,0.5488459142538028,1.0735672707987556,0.053058560733481544
15/02/2023,1.8296,0.935305,18.854,0.5465675557498907,1.0691699499093879,0.053039142887450944
16/02/2023,1.833285,0.937515,18.869718,0.5454689259989581,1.0666496002730623,0.052994962616823425
17/02/2023,1.82859,0.933143,18.8289,0.5468694458571906,1.0716471108929715,0.05310984709675021
18/02/2023,1.8277,0.933141,18.8289,0.5471357443781802,1.0716494077529548,0.05310984709675021
19/02/2023,1.830128,0.935975,18.86244,0.5464098685993548,1.0684046048238467,0.05301541051952982
20/02/2023,1.829847,0.936106,18.87056,0.5464937778950918,1.068255090769635,0.052992597993912205
21/02/2023,1.836625,0.938842,18.8677,0.5444769618185531,1.0651419514678722,0.05300063070750542
22/02/2023,1.844145,0.942916,18.8802,0.5422567097489622,1.0605398572089137,0.052965540619273103
23/02/2023,1.847049,0.943556,18.8734,0.5414041533278219,1.0598205087986299,0.0529846238621552
24/02/2023,1.85418,0.944759,18.8744,0.5393219644263233,1.0584709963069947,0.052981816640528964
25/02/2023,1.848189,0.94585,18.874401,0.5410702044000911,1.057250092509383,0.05298181383345623
26/02/2023,1.847622,0.947559,18.887755,0.5412362485400152,1.055343255670623,0.052944354689056485
27/02/2023,1.842443,0.94255,18.8857,0.5427576321221335,1.0609516736512652,0.052950115696002796
28/02/2023,1.848705,0.945479,18.885945,0.540919183969319,1.0576649507815616,0.05294942879479952
01/03/2023,1.834597,0.937342,18.889133,0.5450788374776586,1.0668464658577126,0.052940492292579015
02/03/2023,1.844325,0.943521,18.88959,0.5422037872934542,1.059859822939818,0.05293921149162052
03/03/2023,1.839795,0.939717,18.824301,0.5435388181835477,1.064150164357993,0.05312282246230551
04/03/2023,1.839795,0.939717,18.824301,0.5435388181835477,1.064150164357993,0.05312282246230551
05/03/2023,1.83766,0.941105,18.911169,0.5441703035381953,1.0625806897211256,0.05287880405489475
06/03/2023,1.831,0.935756,18.89605,0.5461496450027308,1.068654649288917,0.05292111314269385
07/03/2023,1.853499,0.947976,18.9231,0.5395201184354564,1.054879026473244,0.052845464009596735
08/03/2023,1.854017,0.947944,18.94708,0.5393693801081652,1.05491463630763,0.05277858118506915
09/03/2023,1.852824,0.944639,18.9569,0.53971667033674,1.058605456687687,0.05275124097294388
10/03/2023,1.833405,0.938394,18.9746,0.545433223973972,1.0656504623857357,0.05270203324444257
11/03/2023,1.833764,0.939276,18.957499,0.5453264433154975,1.0646497940967299,0.05274957419224973
12/03/2023,1.836189,0.936196,18.97212,0.5446062469604164,1.0681523954385619,0.05270892235554066
13/03/2023,1.820883,0.932554,18.976099,0.549184104634949,1.0723239619367886,0.05269787009437503
14/03/2023,1.822553,0.932253,18.985415,0.5486808888410927,1.072670187170221,0.052672011646835215
15/03/2023,1.848965,0.945022,18.9921,0.5408431203402985,1.0581764234060158,0.052653471706656976
16/03/2023,1.844644,0.942185,19.0074,0.5421100223132486,1.061362683549409,0.05261108831297284
17/03/2023,1.833118,0.93005,19.014499,0.5455186190959883,1.075211010160744,0.052591446138023405
18/03/2023,1.824867,0.928031,19.0209,0.5479851408349211,1.0775502111459638,0.05257374782476118
19/03/2023,1.814573,0.936262,19.0192,0.5510938386055563,1.0680770980772476,0.052578447042988134
20/03/2023,1.825493,0.932958,19.0171,0.5477972251879355,1.0718596121154436,0.05258425311956082
21/03/2023,1.814534,0.92823,19.031545,0.5511056833324699,1.0773191989054436,0.05254434151299855
22/03/2023,1.80109,0.92005,19.044925,0.55521933940003,1.0868974512254768,0.052507426519138305
23/03/2023,1.80557,0.922967,19.062199,0.553841723112369,1.0834623556421845,0.05245984474299109
24/03/2023,1.818005,0.92795,19.034,0.5500534927021653,1.0776442696265962,0.052537564358516343
25/03/2023,1.818005,0.92795,19.034,0.5500534927021653,1.0776442696265962,0.052537564358516343
26/03/2023,1.816229,0.927836,19.0852,0.5505913626530575,1.077776676050509,0.05239662146584788
27/03/2023,1.81,0.925365,19.096099,0.5524861878453039,1.0806546605933876,0.05236671636442606
28/03/2023,1.803695,0.922607,19.1257,0.5544174597146413,1.0838851211837761,0.052285667975551224
29/03/2023,1.80334,0.922275,19.1521,0.5545266006410328,1.0842752974980348,0.05221359537596399
30/03/2023,1.795183,0.917057,19.180701,0.5570462732768748,1.0904447597041405,0.05213573789612799
31/03/2023,1.796844,0.920175,19.1782,0.5565313405059092,1.0867498030265983,0.05214253683870228
01/04/2023,1.796844,0.920175,19.1782,0.5565313405059092,1.0867498030265983,0.05214253683870228
02/04/2023,1.795838,0.92554,19.199901,0.5568431005469313,1.0804503316982519,0.05208360188940558
03/04/2023,1.79329,0.916861,19.2096,0.557634292278438,1.0906778672012443,0.052057304680992844
04/04/2023,1.7849,0.91259,19.2222,0.5602554764972828,1.0957823337972146,0.05202318152968963
05/04/2023,1.791432,0.91717,19.2551,0.5582126477588879,1.0903104113741182,0.05193429273283442
06/04/2023,1.788829,0.915766,19.255701,0.5590249263624416,1.091982012872284,0.05193267178380055
07/04/2023,1.788885,0.9094,19.2506,0.5590074264136599,1.0996261271167802,0.051946432838456985
08/04/2023,1.790128,0.909546,19.2485,0.5586192719179858,1.0994496155224696,0.051952100163649116
09/04/2023,1.784424,0.916332,19.25885,0.5604049261834632,1.0913075173627025,0.051924180311908555
10/04/2023,1.79085,0.920039,19.270299,0.5583940586872156,1.0869104461876071,0.05189333076772706
11/04/2023,1.791562,0.916053,19.3002,0.5581721425214422,1.0916398941982615,0.0518129345809888
12/04/2023,1.779,0.909306,19.321101,0.5621135469364812,1.0997398015629503,0.05175688486903516
13/04/2023,1.768743,0.904818,19.3401,0.5653732622546068,1.1051946358273155,0.05170604081674862
14/04/2023,1.780475,0.900617,19.367599,0.5616478748648535,1.1103499045654257,0.05163262622279613
15/04/2023,1.778665,0.900698,19.3594,0.5622194173720177,1.1102500505163773,0.05165449342438298
16/04/2023,1.771865,0.91037,19.3832,0.5643770829041715,1.0984544745543021,0.051591068554211895
17/04/2023,1.778858,0.915365,19.390199,0.5621584184909644,1.0924603846553014,0.051572446471539565
18/04/2023,1.7825,0.911162,19.4046,0.5610098176718092,1.0974996762375955,0.05153417230965854
19/04/2023,1.784251,0.913092,19.403201,0.5604592627382582,1.0951798942494293,0.051537888001057144
20/04/2023,1.784478,0.911765,19.406929,0.5603879677978658,1.0967738397503741,0.05152798776148457
21/04/2023,1.782335,0.901185,19.4016,0.5610617532618728,1.109650071849842,0.05154214085436253
22/04/2023,1.782335,0.901185,19.4016,0.5610617532618728,1.109650071849842,0.05154214085436253
23/04/2023,1.782337,0.909764,19.4108,0.5610611236819972,1.0991861625652366,0.05151771178931317
24/04/2023,1.768648,0.904367,19.4077,0.5654036303436297,1.1057457868321157,0.05152594073486297
25/04/2023,1.782739,0.910899,19.4279,0.5609346068044733,1.0978165526584176,0.05147236705974397
26/04/2023,1.7713,0.905346,19.4281,0.5645571049511657,1.1045500836144413,0.051471837184284615
27/04/2023,1.771934,0.906487,19.4405,0.5643551057770775,1.1031597805594564,0.05143900619840025
28/04/2023,1.775575,0.8987,19.4494,0.5631978373203047,1.1127183709803048,0.051415467829341775
29/04/2023,1.774455,0.898674,19.4502,0.5635533163703785,1.1127505636081605,0.051413353076060916
30/04/2023,1.769167,0.908206,19.453165,0.5652377644394226,1.1010717832738388,0.05140551678865624
01/05/2023,1.77531,0.911535,19.461777,0.5632819056953434,1.0970505795169687,0.05138276941514641
02/05/2023,1.775954,0.908218,19.4795,0.5630776472814047,1.1010572351571979,0.051336019918375726
03/05/2023,1.76678,0.903465,19.4799,0.5660014263235943,1.1068497396135988,0.0513349657852453
04/05/2023,1.776384,0.907186,19.4923,0.562941346015276,1.1023097799128292,0.051302309116933356
05/05/2023,1.777044,0.89201,19.5195,0.5627322677435111,1.121063665205547,0.05123082046158969
06/05/2023,1.777044,0.89201,19.5195,0.5627322677435111,1.121063665205547,0.05123082046158969
07/05/2023,1.776982,0.907565,19.503601,0.5627519018200522,1.1018494543090578,0.051272582945067424
08/05/2023,1.777086,0.909336,19.506899,0.5627189680184302,1.0997035199310266,0.051263914372038324
09/05/2023,1.782875,0.91202,19.5261,0.5608918179906051,1.0964671827372205,0.05121350397672859
10/05/2023,1.780505,0.910504,19.5448,0.5616384115742444,1.0982928136504617,0.051164504113626136
11/05/2023,1.791617,0.91641,19.5708,0.5581550074597417,1.0912146310057727,0.05109653156743721
12/05/2023,1.802385,0.9141,19.5885,0.5548204185010417,1.0939722131057872,0.051050361181305355
13/05/2023,1.787833,0.914286,19.5783,0.5593363585972515,1.0937496582032318,0.05107695765209441
14/05/2023,1.795043,0.921365,19.6329,0.5570897187421138,1.085346198303604,0.05093491027815555
15/05/2023,1.798565,0.919667,19.6853,0.5559988101625463,1.0873500951975008,0.050799327416904995
16/05/2023,1.799089,0.920348,19.7359,0.5558368707718184,1.086545524084368,0.0506690852710036
17/05/2023,1.80434,0.92268,19.776099,0.554219271312502,1.0837993670611696,0.05056608990478861
18/05/2023,1.814037,0.928066,19.8143,0.5512566722729471,1.0775095736725622,0.05046860095991279
19/05/2023,1.80985,0.92435,19.81,0.5525319777882145,1.0818412938821875,0.05047955577990914
20/05/2023,1.810005,0.924428,19.81,0.5524846616445811,1.08175001189925,0.05047955577990914
21/05/2023,1.808198,0.923958,19.8212,0.5530367802641083,1.0823002777182513,0.050451032228119384
22/05/2023,1.807297,0.925,19.864971,0.5533124882075277,1.081081081081081,0.05033986709570328
23/05/2023,1.8163,0.92855,19.868905,0.5505698397841766,1.0769479295676054,0.050329899911444535
24/05/2023,1.816381,0.929744,19.9118,0.5505452875800837,1.0755648866784835,0.05022147671230125
25/05/2023,1.82352,0.93235,19.9794,0.5483899271738176,1.0725585885128974,0.05005155309969269
26/05/2023,1.82305,0.93185,19.9729,0.5485313074243712,1.0731340881043088,0.05006784192580947
27/05/2023,1.82305,0.93185,19.9729,0.5485313074243712,1.0731340881043088,0.05006784192580947
28/05/2023,1.823182,0.9327,19.9941,0.5484915932693499,1.0721561059290232,0.050014754352534
29/05/2023,1.82646,0.933976,20.14737,0.5475071997196763,1.0706913239740636,0.04963426988237175
30/05/2023,1.822315,0.931827,20.6168,0.548752548269646,1.0731605759438179,0.04850413255209343
31/05/2023,1.82949,0.93505,20.7583,0.5466004186959207,1.0694615261215976,0.04817350168366389
01/06/2023,1.817145,0.92931,20.900805,0.5503138164538328,1.0760671896353209,0.047845047116606275
02/06/2023,1.826205,0.9334,20.9609,0.5475836502473709,1.0713520462824084,0.04770787513894919
03/06/2023,1.82581,0.9334,20.9609,0.5477021157732732,1.0713520462824084,0.04770787513894919
04/06/2023,1.824436,0.934855,21.086,0.5481145954146925,1.0696846034946597,0.04742483164184767
05/06/2023,1.825705,0.933589,21.2751,0.5477336152335673,1.0711351569052334,0.04700330433229456
06/06/2023,1.82862,0.9348,21.95324,0.5468604740186589,1.069747539580659,0.045551362805672416
07/06/2023,1.826296,0.933964,23.30083,0.5475563654522597,1.070705080709749,0.04291692613524926
08/06/2023,1.81522,0.927467,23.505,0.5508974118839589,1.078205477930751,0.04254413954477771
09/06/2023,1.819014,0.930319,23.3995,0.5497483801663978,1.0749001149068222,0.04273595589649352
10/06/2023,1.818147,0.92993,23.3995,0.5500105327017013,1.0753497575086297,0.04273595589649352
11/06/2023,1.817652,0.930213,23.6507,0.5501603167162911,1.0750226023502145,0.0422820466201846
12/06/2023,1.81764,0.92915,23.666701,0.5501639488567593,1.0762524888338805,0.042253459829487854
13/06/2023,1.812305,0.926815,23.6445,0.551783502225067,1.0789639787875682,0.04229313370974222
14/06/2023,1.8053,0.922211,23.5736,0.5539245554755443,1.084350544506626,0.04242033461159942
15/06/2023,1.78665,0.913622,23.654,0.5597067136820306,1.0945445709494737,0.0422761477974127
16/06/2023,1.78754,0.9127,23.6204,0.5594280407711156,1.095650268434316,0.042336285583648034
17/06/2023,1.78754,0.9127,23.6204,0.5594280407711156,1.095650268434316,0.042336285583648034
18/06/2023,1.787632,0.913784,23.5478,0.5593992499574856,1.0943505248505117,0.042466812186276424
19/06/2023,1.790695,0.915437,23.6023,0.5584423924788979,1.0923744615959372,0.04236875219787902
20/06/2023,1.791175,0.915753,23.5789,0.5582927407986378,1.0919975146136567,0.04241079948598111
21/06/2023,1.780215,0.90978,23.559942,0.5617299034105431,1.0991668315416914,0.04244492622265369
22/06/2023,1.78524,0.912782,24.889499,0.5601487755147767,1.0955518404175368,0.04017758653960853
23/06/2023,1.795425,0.91605,25.264,0.5569711906651629,1.0916434692429453,0.039582013932868906
24/06/2023,1.789167,0.91605,25.277299,0.5589193183196426,1.0916434692429453,0.03956118887544116
25/06/2023,1.791835,0.916908,25.331999,0.5580871006537991,1.090621959891287,0.039475763440540164
26/06/2023,1.792995,0.916611,26.088469,0.5577260393921902,1.0909753428662758,0.03833111095940509
27/06/2023,1.78422,0.912613,26.000661,0.5604690004595846,1.0957547174979976,0.038460560675745895
28/06/2023,1.792105,0.916149,26.05815,0.5580030187963316,1.0915255051307156,0.03837570971078146
29/06/2023,1.800195,0.92015,26.0459,0.5554953768897258,1.0867793294571537,0.03839375871058401
30/06/2023,1.792555,0.91605,26.0511,0.557862938654602,1.0916434692429453,0.03838609502093961
01/07/2023,1.792555,0.91605,26.0511,0.557862938654602,1.0916434692429453,0.03838609502093961
02/07/2023,1.79239,0.916548,25.746001,0.5579142932062777,1.0910503323339311,0.03884098349875773
03/07/2023,1.791945,0.91635,25.9162,0.5580528420236113,1.0912860806460414,0.03858590379762465
04/07/2023,1.79716,0.918907,25.942201,0.5564334839413296,1.0882494093526331,0.03854723043738656
05/07/2023,1.8015,0.921221,26.0906,0.5550929780738273,1.0855158534162812,0.03832798019209984
06/07/2023,1.79574,0.9183,26.135202,0.5568734894806598,1.0889687465969726,0.03826257015346581
07/07/2023,1.784308,0.91166,26.060199,0.5604413587788656,1.0969001601474233,0.03837269239578715
08/07/2023,1.782242,0.911577,26.060199,0.5610910302865716,1.0970000340070012,0.03837269239578715
09/07/2023,1.782369,0.911619,26.141901,0.5610510505961448,1.0969494931544868,0.038252765168072515
10/07/2023,1.776199,0.90865,26.134245,0.5629999791690008,1.1005337588730535,0.03826397127600204
11/07/2023,1.777964,0.907916,26.1159,0.5624410842964199,1.101423479705171,0.038290849635662566
12/07/2023,1.760572,0.897621,26.192363,0.5679972190856154,1.1140559322921366,0.038179067692365135
13/07/2023,1.74232,0.890984,26.065799,0.5739473805041554,1.122354610183797,0.03836444837159989
14/07/2023,1.74114,0.8894,26.1703,0.5743363543425573,1.124353496739375,0.038211254742971996
15/07/2023,1.738899,0.889957,26.1703,0.5750765283090047,1.1236497943159052,0.038211254742971996
16/07/2023,1.738898,0.8906,26.260001,0.5750768590222083,1.1228385358185493,0.03808072969989605
17/07/2023,1.741835,0.889768,26.390543,0.574107191553735,1.1238884742989184,0.037892361669102446
18/07/2023,1.741545,0.890597,26.952599,0.574202791199768,1.1228423181304226,0.03710217333771782
19/07/2023,1.746165,0.892459,26.8279,0.5726835665587158,1.1204996532053573,0.03727462827876949
20/07/2023,1.756547,0.898099,26.852201,0.5692987435007432,1.1134629923872534,0.03724089507597533
21/07/2023,1.7577,0.89825,26.973999,0.5689253001080958,1.113275814082939,0.03707273808381175
22/07/2023,1.756838,0.898594,26.9753,0.5692044457144029,1.1128496295323582,0.03707095009137989
23/07/2023,1.756838,0.89874,26.970801,0.5692044457144029,1.1126688474976079,0.037077133897506415
24/07/2023,1.766773,0.903911,26.980533,0.5660036688357815,1.1063036073241723,0.03706376000800281
25/07/2023,1.7696,0.90497,26.9284,0.5650994575045207,1.1050090058233974,0.0371355149210499
26/07/2023,1.764075,0.90269,26.928524,0.5668693224494423,1.1078000199404003,0.03713534392007523
27/07/2023,1.781245,0.910896,26.959615,0.5614050846458516,1.0978201682738753,0.037092517827127726
28/07/2023,1.7741,0.9065,26.920901,0.5636660842117129,1.1031439602868174,0.03714585927120344
29/07/2023,1.7741,0.9065,26.920901,0.5636660842117129,1.1031439602868174,0.03714585927120344
30/07/2023,1.772913,0.907122,26.933,0.564043469702123,1.1023875509578647,0.03712917239074741
31/07/2023,1.77797,0.909358,26.945401,0.5624391862629853,1.0996769149223957,0.037112084544594456
01/08/2023,1.77719,0.908455,26.97815,0.5626860380713373,1.1007699886070306,0.03706703387741561
02/08/2023,1.78698,0.913793,26.967301,0.559603353143292,1.0943397465290279,0.03708194602047865
03/08/2023,1.786,0.9132,27.202938,0.5599104143337066,1.0950503723171265,0.036760735182354204
04/08/2023,1.77556,0.906953,26.940698,0.5632025952375589,1.1025929678825694,0.037118563149328945
05/08/2023,1.77672,0.906953,26.940698,0.5628348867576207,1.1025929678825694,0.037118563149328945
06/08/2023,1.775579,0.908871,27.005202,0.5631965685559471,1.1002661543827452,0.037029902609134344
07/08/2023,1.777635,0.908869,27.0105,0.5625451794097214,1.100268575559294,0.03702263934395883
08/08/2023,1.784841,0.912462,27.065801,0.5602739963951971,1.095936049939614,0.036946994474687814
09/08/2023,1.78184,0.910971,26.992731,0.5612176177434561,1.0977297850315761,0.037047010915642435
10/08/2023,1.78094,0.910606,27.123682,0.561501229687693,1.0981697902276066,0.036868150865358176
11/08/2023,1.786205,0.9127,27.078099,0.5598461542768047,1.095650268434316,0.036930214340378915
12/08/2023,1.78677,0.9127,27.078099,0.5596691236141194,1.095650268434316,0.036930214340378915
13/08/2023,1.78576,0.913798,27.1198,0.5599856643669922,1.0943337586643875,0.03687342827011998
14/08/2023,1.79308,0.916774,27.061976,0.5576996006870859,1.0907813703268199,0.03695221664522945
15/08/2023,1.794,0.91705,27.065191,0.5574136008918618,1.0904530832560928,0.03694782719249977
16/08/2023,1.79818,0.919575,27.090001,0.5561178524953009,1.0874588804610825,0.036913989039719854
17/08/2023,1.800945,0.919587,27.129801,0.5552640419335404,1.0874446898444627,0.0368598354259952
18/08/2023,1.800945,0.918316,27.1058,0.5552640419335404,1.0889497732806572,0.03689247319761822
19/08/2023,1.795713,0.918316,27.1058,0.5568818625248022,1.0889497732806572,0.03689247319761822
20/08/2023,1.798187,0.919533,27.14618,0.5561156876342672,1.0875085505359785,0.036837595565932295
21/08/2023,1.795045,0.917623,27.21153,0.5570890980448958,1.08977216133423,0.03674912803506455
22/08/2023,1.803155,0.921956,27.2096,0.5545834939314701,1.0846504605425855,0.03675173468187699
23/08/2023,1.8002,0.920324,27.1986,0.5554938340184424,1.0865738587714762,0.036766598280793865
24/08/2023,1.80949,0.926009,25.909899,0.5526419046250601,1.0799031110928727,0.03859528746136757
25/08/2023,1.811005,0.926356,26.549599,0.5521795908901411,1.07949859449283,0.0376653523090876
26/08/2023,1.811513,0.926356,26.549599,0.5520247439571232,1.07949859449283,0.0376653523090876
27/08/2023,1.811656,0.926185,26.362001,0.5519811708183011,1.0796979005274323,0.03793338753002855
28/08/2023,1.807,0.923729,26.310616,0.5534034311012729,1.0825685888393675,0.03800747196492853
29/08/2023,1.796777,0.919965,26.551699,0.5565520929976285,1.0869978749191544,0.03766237331931188
30/08/2023,1.78968,0.914953,26.686201,0.5587591077734567,1.0929523155834233,0.037472549951939584
31/08/2023,1.803636,0.922263,26.6922,0.5544355956523378,1.0842894055166477,0.03746412809734679
01/09/2023,1.8147,0.926999,26.700499,0.5510552708436657,1.0787498152640942,0.03745248356594384
02/09/2023,1.8147,0.926999,26.700499,0.5510552708436657,1.0787498152640942,0.03745248356594384
03/09/2023,1.815338,0.926916,26.707743,0.5508616026326778,1.0788464111095288,0.03744232524627783
04/09/2023,1.81079,0.926669,26.772005,0.5522451526681725,1.0791339734036642,0.03735245081569348
05/09/2023,1.82359,0.932431,26.77994,0.5483688767760296,1.072465415671508,0.03734138313976805
06/09/2023,1.825069,0.932498,26.834599,0.5479244894302626,1.0723883590098853,0.037265323025695296
07/09/2023,1.828205,0.934733,26.848091,0.5469846105879811,1.0698242171828747,0.03724659604289929
08/09/2023,1.826379,0.93395,26.844999,0.5475314816913686,1.070721130681514,0.03725088609614029
09/09/2023,1.826379,0.93395,26.844999,0.5475314816913686,1.070721130681514,0.03725088609614029
10/09/2023,1.825547,0.933188,26.819899,0.5477810212500691,1.0715954341461742,0.0372857481678063
11/09/2023,1.819345,0.930436,26.884305,0.5496483624601162,1.0747649489056743,0.03719642371264572
12/09/2023,1.818285,0.929955,26.924899,0.5499687892712088,1.0753208488582782,0.0371403435905182
13/09/2023,1.8224,0.93171,26.890198,0.5487269534679543,1.0732953386783441,0.037188272098256765
14/09/2023,1.837565,0.940289,26.948473,0.5441984365178919,1.06350281668721,0.037107853940369834
15/09/2023,1.83459,0.937157,26.992999,0.5450809172621676,1.0670570672790152,0.03704664309438162
16/09/2023,1.83549,0.937157,26.992999,0.5448136464922173,1.0670570672790152,0.03704664309438162
17/09/2023,1.833791,0.937384,26.933155,0.5453184141486135,1.06679866522151,0.03712895871278356
18/09/2023,1.829782,0.935279,26.9923,0.5465131911888957,1.0691996719695407,0.03704760246440652
19/09/2023,1.831005,0.936201,27.0241,0.5461481536096296,1.0681466907213302,0.037004007534015934
20/09/2023,1.83515,0.938976,27.03681,0.5449145846388579,1.064989946494905,0.03698661195607026
21/09/2023,1.8348,0.938052,27.1182,0.5450185306300415,1.0660389829135273,0.036875603838012846
22/09/2023,1.8373,0.93775,27.1727,0.5442769281010178,1.0663822980538524,0.036801642825335726
23/09/2023,1.83854,0.93775,27.1727,0.5439098415046721,1.0663822980538524,0.036801642825335726
24/09/2023,1.835202,0.939107,27.19444,0.5448991446173228,1.0648413865512663,0.036772222557258025
25/09/2023,1.8463,0.94416,27.223721,0.541623788116774,1.0591425182172514,0.03673267148160973
26/09/2023,1.848737,0.94615,27.3478,0.5409098211373494,1.0569148655075833,0.03656601262258756
27/09/2023,1.861885,0.9519,27.340945,0.5370900995496499,1.0505305179115454,0.03657518055795072
28/09/2023,1.851315,0.946773,27.4634,0.5401565913958456,1.0562193894418197,0.03641209755529177
29/09/2023,1.84909,0.94515,27.4131,0.5408065589019464,1.0580331164365444,0.03647890971834634
30/09/2023,1.847447,0.94515,27.4131,0.5412875173144345,1.0580331164365444,0.03647890971834634
01/10/2023,1.847447,0.946601,27.4887,0.5412875173144345,1.05641130740407,0.03637858465478542
02/10/2023,1.865451,0.954205,27.4667,0.536063397001583,1.047992831729031,0.03640772280616164
03/10/2023,1.868925,0.955155,27.545476,0.5350669502521503,1.0469504949458466,0.03630360208696339
04/10/2023,1.861755,0.951678,27.560601,0.5371276027189399,1.0507755774537186,0.036283679009757444
05/10/2023,1.854155,0.948182,27.587501,0.5393292362289022,1.0546498457047275,0.03624829954695788
06/10/2023,1.847894,0.94395,27.6181,0.5411565814922285,1.0593781450288682,0.03620813886545418
07/10/2023,1.847865,0.94395,27.6181,0.5411650742884355,1.0593781450288682,0.03620813886545418
08/10/2023,1.845485,0.946405,27.7124,0.5418629791084728,1.056630089655063,0.036084929490047775
09/10/2023,1.851156,0.945296,27.724699,0.5402029866742727,1.0578697043042602,0.036068921794245624
10/10/2023,1.842755,0.9431,27.734399,0.5426657368993708,1.060332944544587,0.03605630682676773
11/10/2023,1.841705,0.941303,27.723699,0.5429751235947126,1.0623571793567002,0.036070222808291204
12/10/2023,1.856161,0.949129,27.8468,0.5387463695229024,1.0535975615538036,0.035910768921384145
13/10/2023,1.860835,0.951249,27.8008,0.5373931595224725,1.0512494625487123,0.03597018790826163
14/10/2023,1.86051,0.951249,27.8008,0.5374870331253259,1.0512494625487123,0.03597018790826163
15/10/2023,1.860275,0.950382,27.713461,0.5375549313945519,1.0522084803794685,0.036083547991353375
16/10/2023,1.85251,0.947494,27.8745,0.5398081521827143,1.0554156543471516,0.035875082961129345
17/10/2023,1.849355,0.94581,27.9662,0.5407290649983373,1.0572948055106204,0.03575745006472098
18/10/2023,1.855247,0.948965,28.0469,0.5390117865707369,1.0537796441386142,0.0356545643190513
19/10/2023,1.84868,0.944597,28.027679,0.5409264989073285,1.058652525891994,0.0356790157329831
20/10/2023,1.846985,0.94355,27.984001,0.5414229135591248,1.0598272481585502,0.035734704269057165
21/10/2023,1.848038,0.94355,27.984001,0.5411144143139913,1.0598272481585502,0.035734704269057165
22/10/2023,1.845918,0.944332,28.0517,0.5417358734244967,1.0589496067061162,0.03564846337298631
23/10/2023,1.83345,0.93715,28.087424,0.5454198369194687,1.0670650376140425,0.03560312259322891
24/10/2023,1.848414,0.943841,28.127101,0.5410043421008497,1.0595004878999745,0.03555289967494339
25/10/2023,1.851035,0.9464,28.153176,0.5402382991137391,1.0566356720202874,0.03551997117483299
26/10/2023,1.851625,0.946609,28.177382,0.5400661581043678,1.0564023794407194,0.03548945746627561
27/10/2023,1.8507,0.94605,28.139301,0.5403360890473875,1.057026584218593,0.035537485454951424
28/10/2023,1.85115,0.94605,28.139301,0.5402047375955487,1.057026584218593,0.035537485454951424
29/10/2023,1.849125,0.946788,28.285003,0.5407963225850064,1.0562026557159576,0.03535442439231843
30/10/2023,1.844342,0.942158,28.2679,0.5421987895954221,1.0613930996711805,0.03537581497033738
31/10/2023,1.849,0.945314,28.307299,0.5408328826392644,1.057849561098217,0.03532657778476145
01/11/2023,1.848935,0.944618,28.3281,0.5408518958211078,1.058628990766638,0.03530063788252654
02/11/2023,1.839967,0.942,28.418789,0.5434880082088429,1.0615711252653928,0.03518798777808583
03/11/2023,1.82332,0.93145,28.3971,0.5484500800737117,1.073594932631918,0.03521486348958169
04/11/2023,1.821891,0.93145,28.3971,0.5488802568320498,1.073594932631918,0.03521486348958169
05/11/2023,1.822549,0.931836,28.41525,0.5486820930466068,1.0731502109813316,0.035192370294120236
06/11/2023,1.823251,0.93285,28.4527,0.548470835886008,1.071983705847671,0.03514604940831626
07/11/2023,1.82935,0.934872,28.5002,0.546642249979501,1.0696651520208114,0.03508747307036442
08/11/2023,1.8266,0.933589,28.522494,0.5474652359575167,1.0711351569052334,0.035060047694286486
09/11/2023,1.833305,0.937462,28.530801,0.5454629753368916,1.0667099039747745,0.03504983964523113
10/11/2023,1.830563,0.934798,28.558399,0.5462800242329819,1.0697498283051525,0.03501596850719818
11/11/2023,1.830246,0.934798,28.558399,0.5463746403488929,1.0697498283051525,0.03501596850719818
12/11/2023,1.825207,0.935408,28.555099,0.5478830620307724,1.0690522210628945,0.035020015164366966
13/11/2023,1.8277,0.934465,28.610799,0.5471357443781802,1.0701310375455475,0.03495183759111376
14/11/2023,1.79807,0.919297,28.6462,0.5561518739537392,1.087787733452845,0.0349086440784467
15/11/2023,1.802965,0.921274,28.684491,0.5546419370315009,1.0854534047416946,0.034862044440670044
16/11/2023,1.80102,0.921387,28.706901,0.5552409190347691,1.0853202834422453,0.03483482943700541
17/11/2023,1.795144,0.91599,28.6796,0.5570583752612603,1.091714975054313,0.03486798979065259
18/11/2023,1.795129,0.91599,28.6796,0.5570630300106566,1.091714975054313,0.03486798979065259
19/11/2023,1.791993,0.916949,28.71047,0.5580378941212382,1.0905731943652264,0.0348304991175693
20/11/2023,1.78784,0.913684,28.784671,0.5593341686056917,1.0944702982650456,0.034740713208082176
21/11/2023,1.790964,0.915998,28.800799,0.5583585153023735,1.0917054404048918,0.034721258948406254
22/11/2023,1.796665,0.918451,28.836799,0.556586787186259,1.0887897122437669,0.034677912760011954
23/11/2023,1.79335,0.91705,28.8449,0.5576156355424207,1.0904530832560928,0.034668173576611463
24/11/2023,1.790748,0.91355,28.8616,0.5584258644990808,1.0946308357506431,0.03464811375668709
25/11/2023,1.786793,0.91355,28.8616,0.559661919427712,1.0946308357506431,0.03464811375668709
26/11/2023,1.786254,0.914093,28.874214,0.5598307967399933,1.0939805905963615,0.034632977368665344
27/11/2023,1.78485,0.912403,28.913801,0.5602711712468835,1.0960069179956664,0.03458556002374091
28/11/2023,1.7788,0.908743,28.9236,0.5621767483696875,1.1004211311668977,0.03457384281348103
29/11/2023,1.78297,0.911252,28.9478,0.5608619326180474,1.0973912814457472,0.03454493951181092
30/11/2023,1.79626,0.917979,28.891399,0.5567122799594714,1.089349538497068,0.03461237719917959
01/12/2023,1.797705,0.918056,28.899801,0.5562647931668433,1.0892581716148035,0.03460231438963888
02/12/2023,1.795218,0.91855,28.899801,0.5570354129693441,1.0886723640520386,0.03460231438963888
03/12/2023,1.795943,0.918615,28.913931,0.5568105446553705,1.0885953310146252,0.034585404523514975
04/12/2023,1.8051,0.92272,28.9227,0.5539859287574096,1.0837523842552454,0.03457491866250385
05/12/2023,1.812005,0.9264,28.919701,0.551874856857459,1.079447322970639,0.034578504113856504
06/12/2023,1.815362,0.928816,28.919799,0.5508543199648335,1.0766395066407124,0.03457838693830479
07/12/2023,1.810617,0.926801,28.917298,0.5522979183339161,1.078980277319511,0.034581377554707915
08/12/2023,1.8173,0.9282,28.927399,0.5502668794365267,1.077354018530489,0.03456930227290742
09/12/2023,1.81814,0.9282,28.927399,0.5500126502909567,1.077354018530489,0.03456930227290742
10/12/2023,1.817111,0.928915,28.95025,0.550324113386579,1.0765247627608554,0.03454201604476645
11/12/2023,1.81704,0.928905,28.9655,0.5503456170475058,1.0765363519412643,0.03452383007370838
12/12/2023,1.811253,0.926055,29.0308,0.55210398547304,1.0798494689840237,0.03444617440787026
13/12/2023,1.801805,0.918894,29.001801,0.5549990148767485,1.0882648052985437,0.03448061725545941
14/12/2023,1.78068,0.909641,28.983101,0.5615832154008581,1.0993347925170478,0.034502864272529014
15/12/2023,1.79455,0.916716,28.982799,0.5572427628096179,1.0908503833248246,0.034503223791463346
16/12/2023,1.79275,0.916716,28.982799,0.5578022590991494,1.0908503833248246,0.034503223791463346
17/12/2023,1.792749,0.917854,28.93131,0.5578025702426832,1.089497894000571,0.034564629116344885
18/12/2023,1.7909,0.915472,29.055199,0.5583784689262382,1.0923326983239248,0.03441724835544922
19/12/2023,1.781105,0.910871,29.091199,0.5614492127078415,1.0978502993288841,0.0343746574350545
20/12/2023,1.786713,0.9137,29.1306,0.5596869782667949,1.0944511327569224,0.03432816351190844
21/12/2023,1.77661,0.908567,29.137599,0.5628697350572157,1.1006342955445223,0.0343199177118197
22/12/2023,1.775253,0.906937,29.249101,0.5632999916068301,1.102612419605772,0.03418908499102246
23/12/2023,1.775589,0.906906,29.249101,0.5631933966700627,1.1026501092726257,0.03418908499102246
24/12/2023,1.775826,0.907688,29.205275,0.5631182334305276,1.1017001436616987,0.0342403897925974
25/12/2023,1.77754,0.907526,29.258396,0.5625752444389437,1.101896805160403,0.03417822357725967
26/12/2023,1.7724,0.905555,29.310799,0.5642067253441662,1.1042951560092982,0.034117118404039415
27/12/2023,1.76159,0.900215,29.392899,0.5676689808638786,1.1108457424059808,0.0340218227538563
28/12/2023,1.767845,0.903507,29.557189,0.5656604510010775,1.106798287118971,0.033832716636213275
29/12/2023,1.771495,0.904527,29.476298,0.5644949604712404,1.1055501936371164,0.03392556283696141
30/12/2023,1.769074,0.904527,29.476298,0.5652674789183494,1.1055501936371164,0.03392556283696141
31/12/2023,1.770507,0.90599,29.449286,0.5648099668625992,1.1037649422179052,0.0339566806475376
01/01/2024,1.771628,0.906074,29.550516,0.5644525825963465,1.1036626147533204,0.033840356628628755
02/01/2024,1.7876,0.913949,29.751801,0.5594092638174087,1.0941529560183336,0.03361141061678922
03/01/2024,1.79084,0.915265,29.79115,0.5583971767438743,1.0925797446641137,0.033567015707685
04/01/2024,1.7867,0.913451,29.846004,0.5596910505401019,1.0947494720570672,0.03350532285662094
05/01/2024,1.78651,0.91285,29.812299,0.559750575143716,1.0954702305964834,0.0335432030921198
06/01/2024,1.787115,0.91285,29.812299,0.5595610802886216,1.0954702305964834,0.0335432030921198
07/01/2024,1.786712,0.913944,29.860819,0.5596872915164839,1.0941589419045368,0.033488699690386925
08/01/2024,1.786005,0.913264,29.922601,0.5599088468397345,1.0949736330349165,0.033419554670397804
09/01/2024,1.789365,0.914765,29.9668,0.5588574717846834,1.093176936153001,0.03337026309115421
10/01/2024,1.782645,0.911235,29.857501,0.5609641852415932,1.0974117543773012,0.033492421217703384
11/01/2024,1.782245,0.910544,30.066599,0.5610900858187285,1.098244565885888,0.03325949835563377
12/01/2024,1.785675,0.912076,30.1019,0.560012320271046,1.0963998614150576,0.03322049438739747
13/01/2024,1.78583,0.912076,30.1019,0.55996371435131,1.0963998614150576,0.03322049438739747
14/01/2024,1.78474,0.913639,30.08675,0.560305702791443,1.0945242048555284,0.03323722236532693
15/01/2024,1.78628,0.913662,30.094801,0.5598226481850549,1.0944966519347417,0.033228330700708075
16/01/2024,1.799647,0.919239,30.122399,0.5556645275434572,1.0878563681480007,0.03319788706072182
17/01/2024,1.798521,0.918649,30.143799,0.5560124124210949,1.0885550411528233,0.03317431887069045
18/01/2024,1.79864,0.918973,30.158299,0.5559756260285549,1.0881712520389608,0.03315836877935324
19/01/2024,1.795135,0.91705,30.203,0.5570611681015634,1.0904530832560928,0.0331092937787637
20/01/2024,1.79521,0.91705,30.203,0.5570378952880165,1.0904530832560928,0.0331092937787637
21/01/2024,1.795003,0.918098,30.216206,0.5571021329769366,1.0892083415931633,0.03309482335406371
22/01/2024,1.7971,0.91925,30.265456,0.5564520616548885,1.0878433505575198,0.033040969215861145
23/01/2024,1.80088,0.921018,30.284501,0.5552840833370352,1.0857551101064258,0.0330201907569816
24/01/2024,1.796755,0.919008,30.253,0.5565589075861762,1.0881298095337582,0.03305457310018841
25/01/2024,1.80311,0.92203,30.3021,0.5545973346052099,1.0845634089997072,0.033001013131103124
26/01/2024,1.801445,0.920507,30.339,0.5551099256430255,1.0863578441011312,0.03296087544085171
27/01/2024,1.80164,0.920507,30.339,0.5550498434759442,1.0863578441011312,0.03296087544085171
28/01/2024,1.800761,0.922307,30.334195,0.5553207782709643,1.08423767790985,0.032966096512533134
29/01/2024,1.806789,0.922982,30.35364,0.5534680585281403,1.0834447475682083,0.03294497793345378
30/01/2024,1.80397,0.922253,30.363699,0.5543329434524964,1.0843011624792762,0.03293406379769474
31/01/2024,1.806888,0.925544,30.3644,0.5534377338274425,1.0804456622267553,0.032933303473804854
01/02/2024,1.798636,0.919593,30.448205,0.5559768624668916,1.0874375946750356,0.03284265854095504
02/02/2024,1.812048,0.92605,30.501302,0.5518617608363575,1.0798552993898818,0.03278548568188991
03/02/2024,1.811403,0.92605,30.501302,0.5520582664376729,1.0798552993898818,0.03278548568188991
04/02/2024,1.81347,0.927665,30.585708,0.5514290283269092,1.077975346703821,0.03269500905455581
05/02/2024,1.82093,0.930995,30.542801,0.549169929651332,1.074119624702603,0.032740939509771874
06/02/2024,1.818595,0.929618,30.576401,0.5498750408969562,1.0757106682529813,0.03270496092721965
07/02/2024,1.81535,0.928035,30.596499,0.5508579612746853,1.0775455667081522,0.03268347793647894
08/02/2024,1.8149,0.927846,30.672699,0.550994545154003,1.0777650601500681,0.0326022825705687
09/02/2024,1.81319,0.92725,30.670798,0.551514182187195,1.0784578053383662,0.032604303285489994
10/02/2024,1.814033,0.92725,30.670798,0.5512578878113022,1.0784578053383662,0.032604303285489994
11/02/2024,1.814263,0.926092,30.690226,0.5511880030624006,1.0798063259373798,0.032583663606778265
12/02/2024,1.8155,0.928345,30.7179,0.550812448361333,1.077185744523857,0.03255430872553137
13/02/2024,1.824814,0.933838,30.727786,0.548001056546037,1.070849547780236,0.03254383508138205
14/02/2024,1.822845,0.931785,30.7549,0.5485929961132187,1.073208948416212,0.0325151439282846
15/02/2024,1.815617,0.928255,30.81022,0.5507769535094681,1.077290184270486,0.03245676272353784
16/02/2024,1.814895,0.92791,30.8424,0.550996063133129,1.0776907243159357,0.0324228983477291
17/02/2024,1.814707,0.92791,30.8424,0.5510531452184843,1.0776907243159357,0.0324228983477291
18/02/2024,1.815756,0.927293,30.843579,0.5507347903572948,1.0784077955942728,0.03242165897803235
19/02/2024,1.814615,0.928023,30.873199,0.5510810833151936,1.077559500141699,0.03239055337284614
20/02/2024,1.8095,0.925078,30.915,0.5526388505111909,1.0809899273358572,0.03234675723758693
21/02/2024,1.8077,0.924185,31.021502,0.5531891353653814,1.082034441156262,0.032235705414908666
22/02/2024,1.80735,0.923736,31.079757,0.553296262483747,1.0825603852182875,0.03217528373854403
23/02/2024,1.80721,0.92315,30.818685,0.5533391249495078,1.083247576233548,0.032447847791039756
24/02/2024,1.80811,0.92315,30.818685,0.5530636963459081,1.083247576233548,0.032447847791039756
25/02/2024,1.806366,0.924284,31.099738,0.5535976651464874,1.0819185445166204,0.032154611720523175
26/02/2024,1.801152,0.92164,31.135301,0.5552002274100131,1.08502235146044,0.03211788445533255
27/02/2024,1.8034,0.922467,31.152401,0.5545081512698237,1.0840496191191662,0.03210025448760755
28/02/2024,1.805803,0.922645,31.221607,0.553770261761665,1.0838404803581008,0.0320291008723542
29/02/2024,1.808549,0.925414,31.296001,0.5529294478612412,1.0805974407130214,0.03195296421418187
01/03/2024,1.80448,0.92205,31.389898,0.5541762723887214,1.0845398839542324,0.03185738290707412
02/03/2024,1.8052,0.92205,31.389898,0.5539552404165744,1.0845398839542324,0.03185738290707412
03/03/2024,1.803383,0.922366,31.404478,0.5545133784670256,1.0841683236372546,0.031842592639177124
04/03/2024,1.8016,0.921306,31.576306,0.5550621669626998,1.08541570336023,0.031669315593787314
05/03/2024,1.801955,0.921159,31.705001,0.554952815136893,1.0855889157029353,0.03154076544580459
06/03/2024,1.7946,0.917474,31.803828,0.5572272372673577,1.0899491429729888,0.03144275588460609
07/03/2024,1.786445,0.91315,31.9375,0.5597709417306438,1.0951103323659859,0.03131115459882583
08/03/2024,1.788105,0.913784,31.905,0.5592512743938415,1.0943505248505117,0.03134304967873374
09/03/2024,1.786853,0.913784,31.905,0.5596431267709208,1.0943505248505117,0.03134304967873374
10/03/2024,1.788135,0.913844,32.016878,0.5592418916916229,1.0942786733840788,0.031233526266989557
11/03/2024,1.7902,0.914859,32.0432,0.5585968048262764,1.0930646143285467,0.03120786937634194
12/03/2024,1.789875,0.9152,32.136,0.5586982331168378,1.0926573426573427,0.031117749564351503
13/03/2024,1.786375,0.913003,32.125399,0.5597928766356448,1.0952866529463758,0.03112801805200925
14/03/2024,1.796955,0.918877,32.200935,0.5564969629178248,1.088284939115899,0.031054998868821664
15/03/2024,1.7962,0.91825,32.093999,0.5567308762943993,1.0890280424720937,0.031158472959384093
16/03/2024,1.79683,0.91825,32.093999,0.5565356767195562,1.0890280424720937,0.031158472959384093
17/03/2024,1.795876,0.918814,32.331237,0.5568313179751831,1.0883595591708441,0.030929840389342354
18/03/2024,1.799025,0.919676,32.34138,0.555856644571365,1.0873394543295682,0.03092014008060262
19/03/2024,1.800115,0.920666,32.419299,0.5555200639959114,1.086170228942961,0.030845824272758025
20/03/2024,1.7928,0.914281,32.415188,0.5577867023650156,1.093755639677517,0.030849736240925088
21/03/2024,1.799369,0.920632,32.151235,0.5557503769376931,1.0862103424603968,0.031103004285838474
22/03/2024,1.80983,0.92095,32.007302,0.5525380836874182,1.0858352787882077,0.031242870767426757
23/03/2024,1.800175,0.92095,32.007302,0.5555015484605663,1.0858352787882077,0.031242870767426757
24/03/2024,1.805491,0.925302,32.157231,0.553865956684359,1.0807282379158372,0.031097204855729026
25/03/2024,1.8047,0.92276,32.172799,0.5541087161301047,1.0837054055225628,0.031082157321779807
26/03/2024,1.80562,0.923148,32.211314,0.5538263865043586,1.0832499230892556,0.031044992452030983
27/03/2024,1.806393,0.924847,32.304,0.5535893905700476,1.0812599273177077,0.03095591877166914
28/03/2024,1.807818,0.926694,32.4664,0.5531530275724659,1.0791048609357565,0.03080107434147303
29/03/2024,1.807818,0.925917,32.379805,0.5531530275724659,1.080010411300365,0.030883447259796658
30/03/2024,1.812899,0.925917,32.379805,0.5516027092518667,1.080010411300365,0.030883447259796658
31/03/2024,1.81142,0.926486,32.428499,0.5520530854246944,1.0793471245113255,0.030837073279278204
01/04/2024,1.81304,0.9314,32.269,0.5515598111459207,1.0736525660296328,0.030989494561343707
02/04/2024,1.8166,0.928662,32.056701,0.550478916657492,1.0768180457475378,0.031194725870263448
03/04/2024,1.80507,0.922668,31.950399,0.5539951359227067,1.0838134626973082,0.03129851367427368
04/04/2024,1.803546,0.922801,31.964806,0.5544632629275882,1.0836572565482698,0.03128440698185373
05/04/2024,1.80571,0.9222,32.071501,0.5537987827502755,1.0843634786380394,0.031180330474710242
06/04/2024,1.8052,0.9222,32.071501,0.5539552404165744,1.0843634786380394,0.031180330474710242
07/04/2024,1.804479,0.923363,32.016726,0.5541765795002325,1.0829976942979087,0.03123367454873431
08/04/2024,1.799193,0.920628,32.161026,0.5558047413479266,1.0862150618925341,0.031093535386588725
09/04/2024,1.801345,0.920904,32.2434,0.5551407420566299,1.0858895172569563,0.031014099009409678
10/04/2024,1.82123,0.931,32.290425,0.5490794682714429,1.0741138560687433,0.03096893274089765
11/04/2024,1.8232,0.932305,32.422999,0.5484861781483107,1.0726103581982291,0.03084230425445839
12/04/2024,1.837805,0.93825,32.362601,0.5441273693346139,1.0658140154543032,0.030899864939780336
13/04/2024,1.83256,0.93825,32.362601,0.5456847251931723,1.0658140154543032,0.030899864939780336
14/04/2024,1.834976,0.939308,32.401799,0.5449662556894477,1.064613523998518,0.030862483900971058
15/04/2024,1.84095,0.941195,32.424221,0.5431978054808658,1.0624790824430643,0.030841141873539535
16/04/2024,1.8411,0.941523,32.5132,0.5431535495084461,1.0621089447629002,0.030756738801471405
17/04/2024,1.832541,0.937283,32.476601,0.5456903829163986,1.0669136216062811,0.03079139962953635
18/04/2024,1.835847,0.939624,32.569849,0.5447077016766648,1.0642554894298144,0.03070324335860446
19/04/2024,1.83609,0.937866,32.4856,0.5446356115440965,1.066250402509527,0.030782869948531043
20/04/2024,1.83654,0.937866,32.4856,0.5445021616735818,1.066250402509527,0.030782869948531043
21/04/2024,1.833909,0.938301,32.625077,0.5452833264900275,1.0657560846679264,0.030651268654477048
22/04/2024,1.8357,0.938532,32.565798,0.5447513210219534,1.065493771123414,0.03070706266740339
23/04/2024,1.827831,0.934374,32.558206,0.5470965313532816,1.0702352591146584,0.030714223013393306
24/04/2024,1.8283,0.934577,32.572311,0.5469561888092763,1.070002792707289,0.030700922633337256
25/04/2024,1.8233,0.932249,32.539601,0.5484560960895081,1.0726747896752906,0.030731784326427362
26/04/2024,1.82755,0.93506,32.507999,0.5471806516921561,1.0694500887643574,0.030761659614915088
27/04/2024,1.82815,0.934885,32.507999,0.54700106665208,1.0696502778416597,0.030761659614915088
28/04/2024,1.827817,0.933909,32.536722,0.5471007217899823,1.0707681369383955,0.030734503617174468
29/04/2024,1.824745,0.933315,32.440098,0.5480217783854731,1.0714496177603487,0.03082604744288997
30/04/2024,1.83074,0.937552,32.408302,0.5462272086697183,1.0666075055036948,0.03085629108245165
01/05/2024,1.832947,0.933021,32.4761,0.5455695118298565,1.0717872373719348,0.030791874640119964
02/05/2024,1.82311,0.931923,32.408399,0.5485132548228028,1.0730500266652931,0.030856198727990232
03/05/2024,1.81651,0.92865,32.3452,0.5505061904421115,1.076831960372584,0.030916488381583666
04/05/2024,1.81538,0.92865,32.353697,0.5508488580903171,1.076831960372584,0.03090836883339793
05/05/2024,1.815606,0.929506,32.308198,0.5507802904374627,1.0758402850546418,0.03095189648150603
06/05/2024,1.81614,0.928462,32.272201,0.5506183444007621,1.077050003123445,0.03098642078983085
07/05/2024,1.819155,0.930237,32.262,0.5497057699866147,1.0749948668995106,0.030996218461347716
08/05/2024,1.820165,0.930505,32.342899,0.5494007411415998,1.0746852515569503,0.03091868790116804
09/05/2024,1.8139,0.927493,32.286999,0.551298307514196,1.0781752530746862,0.0309722188798036
10/05/2024,1.815355,0.92775,32.360698,0.5508564440563967,1.0778765831312316,0.030901682034176148
11/05/2024,1.812856,0.92775,32.404202,0.5516157929807993,1.0778765831312316,0.030860195230235882
12/05/2024,1.815987,0.928406,32.267313,0.5506647349347765,1.0771149690975717,0.03099111475442656
13/05/2024,1.81279,0.926604,32.256801,0.551635876190844,1.0792096731721426,0.031001214286562388
14/05/2024,1.80811,0.924736,32.286803,0.5530636963459081,1.0813897155512493,0.030972406899500083
15/05/2024,1.79817,0.918413,32.1644,0.5561209451831585,1.0888347617030683,0.03109027371876982
16/05/2024,1.799665,0.920149,32.268,0.5556589698638358,1.0867805105477482,0.030990454939878516
17/05/2024,1.798905,0.91915,32.200601,0.5558937242378003,1.087961703748028,0.03105532098608967
18/05/2024,1.79882,0.91915,32.243399,0.5559199919947521,1.087961703748028,0.03101409997128405
19/05/2024,1.795761,0.919751,32.239098,0.5568669772870666,1.0872507885286344,0.031018237544983424
20/05/2024,1.80232,0.920784,32.216801,0.554840427892938,1.0860310344228397,0.03103970502844153
21/05/2024,1.80116,0.921307,32.194201,0.5551977614426258,1.0854145252342595,0.031061494584071214
22/05/2024,1.806925,0.923823,32.20059,0.5534264012064696,1.082458436302192,0.03105533159485587
23/05/2024,1.807203,0.924921,32.226811,0.55334126824712,1.0811734191352558,0.0310300637565411
24/05/2024,1.8029,0.921362,32.212999,0.5546619335515004,1.085349732244221,0.031043368548206267
25/05/2024,1.802,0.921786,32.212999,0.5549389567147613,1.0848504967530426,0.031043368548206267
26/05/2024,1.802183,0.921786,32.225098,0.5548826062614063,1.0848504967530426,0.03103171323171771
27/05/2024,1.80202,0.92069,32.1124,0.554932797638206,1.0861419153026535,0.03114061857724742
28/05/2024,1.801023,0.921549,32.248,0.5552399941588753,1.085129493928158,0.03100967501860581
29/05/2024,1.810876,0.925823,32.263502,0.5522189260888101,1.0801200661465529,0.030994775458659134
30/05/2024,1.8054,0.923241,32.249199,0.5538938739337543,1.0831408050552347,0.03100852210313813
31/05/2024,1.8032,0.921022,32.244098,0.554569653948536,1.0857503946702685,0.03101342763565599
01/06/2024,1.80376,0.921107,32.257201,0.5543974808178471,1.0856502013338298,0.03100082986121455
02/06/2024,1.802388,0.921427,32.2408,0.5548194950254883,1.0852731686829233,0.031016600084365152
03/06/2024,1.795088,0.916821,32.183499,0.5570757533892489,1.0907254524056496,0.031071823483207965
04/06/2024,1.797625,0.918974,32.6386,0.5562895487101036,1.0881700679235757,0.030638569056270798
05/06/2024,1.799005,0.919628,32.2794,0.5558628241722507,1.0873962080319433,0.030979510151985475
06/06/2024,1.794295,0.918129,32.293699,0.5573219565344606,1.0891715652157812,0.030965793048359065
07/06/2024,1.80853,0.9253,32.345,0.55293525681078,1.0807305738679347,0.03091667954861648
08/06/2024,1.807997,0.9253,32.382299,0.5530982628842858,1.0807305738679347,0.03088106869743868
09/06/2024,1.808824,0.927745,32.410203,0.552845384625591,1.0778823922521814,0.03085448122617436
10/06/2024,1.816865,0.92907,32.3878,0.550398626205029,1.0763451623666678,0.030875823612594867
11/06/2024,1.821,0.931093,32.370099,0.5491488193300385,1.0740065707722,0.0308927074952721
12/06/2024,1.807601,0.924835,32.3393,0.553219432828373,1.0812739569761094,0.030922128803035315
13/06/2024,1.8212,0.931312,32.496384,0.5490885130683066,1.0737540158400192,0.03077265458212212
14/06/2024,1.826716,0.932609,32.746301,0.5474304708558966,1.0722607223391583,0.03053780028467948
15/06/2024,1.823845,0.933053,32.7375,0.5482922068487179,1.0717504793404018,0.030546009927453228
16/06/2024,1.82663,0.93435,32.792002,0.5474562445596536,1.0702627495050034,0.030495240882212685
17/06/2024,1.822095,0.931105,32.826103,0.5488188047275252,1.0739927290692242,0.030463561270127004
18/06/2024,1.820865,0.931207,32.5561,0.5491895335458697,1.073875088997398,0.030716209865432283
19/06/2024,1.82011,0.930481,32.518601,0.5494173429078463,1.0747129710332612,0.030751630428381593
20/06/2024,1.827,0.934028,32.834501,0.5473453749315819,1.0706317155374356,0.03045576967958185
21/06/2024,1.828915,0.935279,32.839999,0.5467722666170927,1.0691996719695407,0.030450670841981452
22/06/2024,1.827253,0.935235,32.83,0.5472695899254235,1.069249974605313,0.03045994517209869
23/06/2024,1.829304,0.935636,32.8342,0.5466559959416258,1.068791709596467,0.030456048875867232
24/06/2024,1.82204,0.931776,32.937501,0.5488353713420122,1.0732193145133593,0.030360530387536083
25/06/2024,1.8262,0.933762,32.952498,0.5475851494907458,1.0709367054988317,0.030346713017022263
26/06/2024,1.83113,0.936303,32.8435,0.5461108714291175,1.0680303277891878,0.030447424909038318
27/06/2024,1.82711,0.933916,32.8928,0.5473124223500501,1.07076011118773,0.030401790057398577
28/06/2024,1.824663,0.932821,32.7383,0.5480464063775065,1.0720170322066076,0.03054526349871557
29/06/2024,1.824663,0.932821,32.7383,0.5480464063775065,1.0720170322066076,0.03054526349871557
30/06/2024,1.825137,0.931541,32.7755,0.5479040751461397,1.0734900557248688,0.030510594804045704
01/07/2024,1.8216,0.931385,32.6532,0.548967940272288,1.0736698572555925,0.030624869844303165
02/07/2024,1.81996,0.930399,32.555181,0.5494626255522099,1.0748076900340606,0.030717076953127677
03/07/2024,1.81286,0.926685,32.5561,0.5516145758635527,1.0791153412432488,0.030716209865432283
04/07/2024,1.80909,0.925038,32.643,0.5527640968663803,1.0810366709259511,0.030634439236589775
05/07/2024,1.804215,0.921886,32.665502,0.5542576688476706,1.084732819459239,0.030613336357114614
06/07/2024,1.802166,0.922467,32.6215,0.5548878405207955,1.0840496191191662,0.030654629615437672
07/07/2024,1.806737,0.923725,32.6796,0.5534839879849696,1.082573276678665,0.030600129744550116
08/07/2024,1.80651,0.923301,32.7223,0.5535535369303242,1.0830704179893664,0.030560199008015942
09/07/2024,1.8085,0.924663,32.912499,0.552944429084877,1.0814750887620679,0.030383593783018425
10/07/2024,1.80553,0.923066,32.884801,0.5538539930103625,1.0833461529294763,0.0304091850821904
11/07/2024,1.799705,0.919617,32.969388,0.5556466198626997,1.087409214923169,0.03033116659611637
12/07/2024,1.79346,0.915625,33.0504,0.5575814347685479,1.0921501706484642,0.030256819887202573
13/07/2024,1.7928,0.915709,33.087499,0.5577867023650156,1.0920499853119277,0.030222894755508718
14/07/2024,1.791216,0.918622,33.090001,0.5582799617689882,1.0885870357992733,0.030220609543045947
15/07/2024,1.793656,0.91758,33.022499,0.5575205056041962,1.089823230671985,0.03028238414058245
16/07/2024,1.79439,0.917255,33.045858,0.557292450359175,1.0902093747104131,0.030260978546842388
17/07/2024,1.789413,0.914035,33.098766,0.5588424807464795,1.0940500090259124,0.030212606717724765
18/07/2024,1.7942,0.9174,33.100599,0.5573514658343551,1.090037061260083,0.03021093364503766
19/07/2024,1.798,0.918054,33.041401,0.5561735261401557,1.0892605445867019,0.030265060491835683
20/07/2024,1.798,0.918147,33.028,0.5561735261401557,1.0891502123298338,0.03027734043841589
21/07/2024,1.796686,0.917515,33.073296,0.5565802816964122,1.0899004375950256,0.030235873678873735
22/07/2024,1.7959,0.918356,32.9383,0.556823876607829,1.088902342882281,0.03035979391771889
23/07/2024,1.8019,0.921362,32.8369,0.5549697541483989,1.085349732244221,0.03045354464032841
